Episode,EpisodeReward,EpisodeSteps,AverageReward,GlobalStepCount
1,-345.714950013605,96,-345.714950013605,96
2,-56.3498168111506,96,-201.032383412378,192
3,-61.8274322925169,96,-154.630733039091,288
4,-51.4892065184554,96,-128.845351408932,384
5,-36.6488177358923,96,-110.406044674324,480
6,-185.574994604332,96,-122.934202995992,576
7,-144.088228990514,96,-125.956206709495,672
8,-173.705343879375,96,-131.92484885573,768
9,-209.049806193604,96,-140.494288559938,864
10,-191.681104398117,96,-145.612970143756,960
11,-37.9424184056487,96,-114.835716982961,1056
12,-344.172885289483,96,-143.618023830794,1152
13,-349.316401166099,96,-172.366920718152,1248
14,-96.5758138804139,96,-176.875581454348,1344
15,-114.547272134909,96,-184.66542689425,1440
16,-43.1390649497581,96,-170.421833928792,1536
17,-36.2435104742462,96,-159.637362077165,1632
18,-267.650800834982,96,-169.031907772726,1728
19,-303.609825732805,96,-178.487909726646,1824
20,-211.499523787939,96,-180.469751665628,1920
21,-139.297362776998,96,-190.605246102763,2016
22,-110.203417643489,96,-167.208299338164,2112
23,-40.8249647907656,96,-136.359155700631,2208
24,-371.066834483395,96,-163.808257760929,2304
25,-443.925856611191,96,-196.746116208557,2400
26,-105.274556487623,96,-202.959665362343,2496
27,-59.1166487389185,96,-205.246979188811,2592
28,-37.9996451652857,96,-182.281863621841,2688
29,-37.7956011956995,96,-155.70044116813,2784
30,-382.102360597019,96,-172.760724849038,2880
31,-395.467057634271,96,-198.377694334766,2976
32,-133.986020605027,96,-200.755954630919,3072
33,-120.656571690108,96,-208.739115320854,3168
34,-38.8347120358911,96,-175.515903076103,3264
35,-31.7616723405229,96,-134.299484649037,3360
36,-366.47158099614,96,-160.419187099888,3456
37,-386.428041092674,96,-193.150326335264,3552
38,-205.718330191972,96,-209.922194837933,3648
39,-152.221019093146,96,-221.364736627677,3744
40,-58.0122178449457,96,-188.95572235247,3840
41,-33.0942897107303,96,-152.718445560116,3936
42,-328.653975935498,96,-172.185241093163,4032
43,-376.373832675339,96,-197.756967191686,4128
44,-190.102226714839,96,-212.883718659581,4224
45,-145.27472170858,96,-224.235023596386,4320
46,-90.3231356488205,96,-196.620179061654,4416
47,-32.9645209477798,96,-161.273827047165,4512
48,-344.9748017602,96,-175.199474203988,4608
49,-359.330410558442,96,-195.910413350517,4704
50,-179.783102966269,96,-208.08750186265,4800
51,-128.428937675755,96,-217.620966659152,4896
52,-36.916955619889,96,-188.447264627591,4992
53,-33.504804793372,96,-154.160361839395,5088
54,-382.245434731974,96,-173.374682641108,5184
55,-405.066676145445,96,-199.353878084795,5280
56,-167.140785056756,96,-207.035643025588,5376
57,-163.267408880865,96,-220.065931818897,5472
58,-139.46795865767,96,-199.515247508644,5568
59,-34.1306724483966,96,-166.995273697639,5664
60,-266.899722439331,96,-175.706935644945,5760
61,-368.558154485716,96,-199.719857325942,5856
62,-244.39652477659,96,-220.467814241612,5952
63,-175.357299069255,96,-234.6530636692,6048
64,-172.856783746391,96,-213.714198570642,6144
65,-34.9905623692469,96,-176.706587193022,6240
66,-331.705360236036,96,-193.16304471095,6336
67,-295.852623600782,96,-206.421566182941,6432
68,-210.722391709279,96,-213.547009488102,6528
69,-149.691291249518,96,-225.103071368215,6624
70,-94.6328070835601,96,-207.876379832637,6720
71,-29.4467152430567,96,-173.965235908371,6816
72,-204.597105761104,96,-169.985294006823,6912
73,-139.339764901419,96,-166.383540590039,7008
74,-198.642511668174,96,-168.962113382218,7104
75,-182.682642145841,96,-183.731321359877,7200
76,-113.729818411367,96,-161.93376717741,7296
77,-21.3937714294201,96,-134.487881960274,7392
78,-185.285024299663,96,-131.944145219312,7488
79,-260.454000591276,96,-143.020416153488,7584
80,-219.953765389759,96,-155.552511984108,7680
81,-222.362102232013,96,-174.844050683004,7776
82,-145.858267898201,96,-168.970166896713,7872
83,-23.4344920711669,96,-157.379639613688,7968
84,-316.062455433319,96,-169.121633990203,8064
85,-391.300703487911,96,-189.98344012441,8160
86,-197.833694245188,96,-198.393827707792,8256
87,-161.881891593223,96,-212.442639724172,8352
88,-34.0553501264841,96,-197.319672306854,8448
89,-25.6907985468073,96,-173.843352102407,8544
90,-260.537684882175,96,-177.901744051649,8640
91,-322.636585105205,96,-187.929192338968,8736
92,-206.948998466335,96,-194.038265395781,8832
93,-151.27811603337,96,-206.822627792002,8928
94,-116.447406657722,96,-186.861122914442,9024
95,-23.1380506666598,96,-150.044857632317,9120
96,-405.765184450757,96,-170.838006652874,9216
97,-418.038958129057,96,-196.453713306457,9312
98,-176.755114183264,96,-210.723689712135,9408
99,-185.285098326313,96,-226.683119690086,9504
100,-57.906481199295,96,-206.419999321798,9600
101,-20.9925972622045,96,-176.255600537498,9696
102,-223.809505494999,96,-177.941651240364,9792
103,-336.982381045075,96,-196.512077741535,9888
104,-226.334747456906,96,-207.500811821453,9984
105,-204.419584059445,96,-225.628965160732,10080
106,-127.909294982833,96,-197.843376213939,10176
107,-16.8591534189186,96,-157.725395742925,10272
108,-322.606280782813,96,-172.31051240288,10368
109,-266.543745127441,96,-180.436377082993,10464
110,-238.209830433343,96,-198.466712006398,10560
111,-229.851643598263,96,-219.352616640004,10656
112,-186.312327258125,96,-215.602898816316,10752
113,-12.8674231291723,96,-183.191403024726,10848
114,-312.612671655648,96,-191.8191954446,10944
115,-370.894736733254,96,-208.466710711981,11040
116,-232.175085715341,96,-218.893289785232,11136
117,-237.367173456914,96,-240.944091789031,11232
118,-93.9096816134714,96,-218.074431872097,11328
119,-16.0446179762212,96,-193.024519156975,11424
120,-357.206603636505,96,-204.924196477291,11520
121,-364.340118631335,96,-218.373043980599,11616
122,-166.055592284432,96,-216.347370483229,11712
123,-161.179104911516,96,-231.178538661464,11808
124,-26.6140410875923,96,-202.578675604658,11904
125,-14.169442743338,96,-166.906146205667,12000
126,-357.344968165256,96,-179.423134450658,12096
127,-378.449350459417,96,-193.531352150909,12192
128,-36.5455149897661,96,-187.794935488538,12288
129,-43.7115524609736,96,-190.561628937013,12384
130,-35.0016080081276,96,-158.341129374175,12480
131,-10.6948963026477,96,-122.976607141307,12576
132,-332.214835561333,96,-139.592531468997,12672
133,-327.247701627027,96,-156.199391140548,12768
134,-61.7575381694066,96,-159.713740848729,12864
135,-77.7504127275617,96,-166.071837847152,12960
136,-16.7773890330837,96,-132.015079933934,13056
137,-15.8343503347555,96,-95.7535799214683,13152
138,-292.232451766867,96,-121.322273599178,13248
139,-400.821975756259,96,-157.033315928707,13344
140,-61.3562261821482,96,-159.668777746109,13440
141,-17.018359519334,96,-160.301124067778,13536
142,-15.0394679069331,96,-128.583587302338,13632
143,-8.69192516888868,96,-96.7280096565238,13728
144,-224.601984777363,96,-113.012454317319,13824
145,-338.308741231128,96,-139.068287167676,13920
146,-24.1493497358975,96,-139.805483237957,14016
147,-16.2031890146993,96,-139.842367105952,14112
148,-11.6534931277848,96,-111.784471242044,14208
149,-5.46036066690991,96,-72.2483097331086,14304
150,-284.146363358912,96,-94.527323450785,14400
151,-366.130122681545,96,-129.438499767006,14496
152,-10.5609438876195,96,-128.990647365075,14592
153,-14.7977915112322,96,-129.601233999309,14688
154,-8.11151835368466,96,-107.952187356941,14784
155,-1.6082949264285,96,-74.2821427264713,14880
156,-138.310681751387,96,-85.6982759280203,14976
157,-177.61697040118,96,-101.839654066668,15072
158,-9.89675552803642,96,-101.663980306694,15168
159,-9.1085220333181,96,-102.028796443334,15264
160,-3.82505197154656,96,-73.9966653045978,15360
161,-1.39359182696211,96,-37.5230122191395,15456
162,-271.601432794171,96,-63.6270611097946,15552
163,-371.162206971343,96,-99.2635026558057,15648
164,-7.49880207349506,96,-99.2022310277867,15744
165,-8.03367572651205,96,-99.844769107795,15840
166,-3.14926867453061,96,-86.3286278001094,15936
167,-1.42245358179337,96,-68.7091761181707,16032
168,-14.8843578477339,96,-69.2079363501405,16128
169,-162.557008576853,96,-84.552785004494,16224
170,-9.06238652589035,96,-85.0765184599284,16320
171,-6.61547521393516,96,-85.5987067986257,16416
172,-2.60491282184037,96,-58.6990548013927,16512
173,-2.3715503520318,96,-21.8199891394616,16608
174,-190.59675076732,96,-40.1297840088441,16704
175,-224.401982847901,96,-61.766614720983,16800
176,-7.1940668405906,96,-62.171094537589,16896
177,-8.80436312728912,96,-62.9092854921386,16992
178,-2.97438454770723,96,-61.7182881621359,17088
179,-2.32276213710885,96,-45.6948635181615,17184
180,-384.144605796169,96,-83.2030854451894,17280
181,-397.132078979205,96,-122.254745821716,17376
182,-3.28689224145426,96,-122.322943763678,17472
183,-9.74924205638462,96,-123.060712934113,17568
184,-3.1995580944972,96,-104.320993666831,17664
185,-3.32185411020732,96,-82.2129807930614,17760
186,-225.871914884936,96,-104.080765597496,17856
187,-275.102621214154,96,-130.710591406182,17952
188,-5.15094829855284,96,-130.928247781267,18048
189,-13.3152985448368,96,-132.02750142204,18144
190,-2.94427575043705,96,-93.9074684174665,18240
191,-1.27601858921246,96,-54.3218623784673,18336
192,-224.27189276362,96,-76.4203624306839,18432
193,-208.726853873313,96,-96.3181236123767,18528
194,-3.73779535951209,96,-96.3719473388782,18624
195,-13.6755866623279,96,-97.4073205940903,18720
196,-1.49044973894259,96,-74.969174079491,18816
197,-2.33164543777163,96,-47.6920765018527,18912
198,-14.4603831937773,96,-48.6230199913751,19008
199,-156.563895062473,96,-62.9478796431388,19104
200,-6.43183931500144,96,-63.2966359995952,19200
201,-11.3804206646956,96,-64.3070762071435,19296
202,-4.38847282904799,96,-42.3187342136863,19392
203,-2.31828415024222,96,-21.6778772413792,19488
204,-287.808072835338,96,-50.0849049889617,19584
205,-326.750751889004,96,-81.3924215116294,19680
206,-2.18354521281821,96,-81.4617310590169,19776
207,-10.1852544185752,96,-82.2470919570973,19872
208,-1.93798643909004,96,-80.9948522816286,19968
209,-1.31648040872067,96,-65.4701108162533,20064
210,-13.5194664441409,96,-66.1788735291673,20160
211,-22.1997219291057,96,-67.2608036556083,20256
212,-2.35220637803596,96,-67.0571770105071,20352
213,-13.7354234090373,96,-68.1988909363866,20448
214,-0.9200806714941,96,-39.5100917200022,20544
215,-2.34230998500995,96,-7.06924752960281,20640
216,-247.145634526291,96,-31.5654564609501,20736
217,-157.330599923006,96,-46.2799910113931,20832
218,-3.46055523962105,96,-46.4322478914462,20928
219,-12.9891079823085,96,-47.599510648805,21024
220,-2.59455543521951,96,-46.5070195479129,21120
221,-1.34500000252142,96,-44.4215473552545,21216
222,-335.846935364922,96,-77.7710202539431,21312
223,-389.03203286978,96,-115.300681200017,21408
224,-1.84590797645204,96,-115.393263930513,21504
225,-18.5358533188989,96,-117.012618263902,21600
226,-1.04647351622416,96,-92.4027021628953,21696
227,-3.3422943253472,96,-77.0038716031295,21792
228,-239.315326293117,96,-100.589348708479,21888
229,-283.208442395553,96,-127.611282149804,21984
230,-2.14580663192096,96,-127.566407269474,22080
231,-13.0118092776201,96,-128.733088196984,22176
232,-2.97998048180682,96,-95.446392708672,22272
233,-2.33373238176243,96,-56.7765626598703,22368
234,-94.6491292365365,96,-66.0568847858787,22464
235,-196.212123487854,96,-83.8245118027743,22560
236,-1.85081873940537,96,-83.9049463250924,22656
237,-9.90304342637432,96,-84.5610212351951,22752
238,-0.998458102932044,96,-60.7293344161766,22848
239,-2.30157559821876,96,-32.6386477364431,22944
240,-114.432864218983,96,-43.8673534951493,23040
241,-293.048320205726,96,-71.8710045879599,23136
242,-1.65770922516117,96,-71.7387774622954,23232
243,-10.1179975109568,96,-72.5172039752148,23328
244,-1.04280055363089,96,-63.1565711069242,23424
245,-1.21730402241166,96,-43.65708916038,23520
246,-302.531063769208,96,-73.7251136633602,23616
247,-331.708533802308,96,-105.905662700954,23712
248,-0.918359144007195,96,-105.897652805061,23808
249,-9.66264993704394,96,-106.633760238944,23904
250,-1.23154462103676,96,-95.313628279149,24000
251,-4.27287472743565,96,-66.43608373132,24096
252,-45.9855841475304,96,-70.8688712235569,24192
253,-89.4772849764259,96,-78.8047999701038,24288
254,-3.74148332099875,96,-79.0746682468406,24384
255,-8.80233950513763,96,-79.8331717951132,24480
256,-0.972862116275841,96,-49.67735162982,24576
257,-1.2905531378152,96,-16.6355535633707,24672
258,-243.072197767113,96,-40.8509374256813,24768
259,-195.533327112927,96,-59.4380051432696,24864
260,-1.14858592209902,96,-59.4297092733758,24960
261,-11.721263221727,96,-60.1745481228049,25056
262,-0.917497084755025,96,-55.6677394165274,25152
263,-1.31332348771546,96,-46.8513432676564,25248
264,-7.10936258259802,96,-47.1881311938163,25344
265,-220.698411497034,96,-68.3777383930059,25440
266,-3.74185392319159,96,-68.6546375736975,25536
267,-12.1813509113533,96,-69.7437173510513,25632
268,-0.932556841917387,96,-45.5297532585318,25728
269,-4.37686372361338,96,-26.4141069196004,25824
270,-266.36789945303,96,-52.9360382726935,25920
271,-394.556511062195,96,-91.2195630567403,26016
272,-1.27165713367885,96,-91.2549790616327,26112
273,-17.2622815337239,96,-92.8498748662336,26208
274,-3.13712917737753,96,-92.4526515257115,26304
275,-1.30196043108235,96,-70.5130064191164,26400
276,-170.028831292912,96,-87.1417041560883,26496
277,-398.94427849655,96,-125.817996914608,26592
278,-0.90885076468472,96,-125.815626306885,26688
279,-11.390147263963,96,-126.51695466092,26784
280,-0.917457592706197,96,-99.9719104748873,26880
281,-1.27801191153827,96,-60.6440605598216,26976
282,-87.5897821426728,96,-69.275873060721,27072
283,-138.078613417039,96,-81.3575062490525,27168
284,-1.86171450717164,96,-81.2299647820319,27264
285,-13.5377421070577,96,-82.4535429496295,27360
286,-0.910290540944368,96,-65.5416888744327,27456
287,-3.30192425374328,96,-25.9774534501521,27552
288,-275.222915408683,96,-53.4088599145519,27648
289,-256.837846025974,96,-77.953629790753,27744
290,-14.9449639279116,96,-79.3563804242735,27840
291,-17.2828279006655,96,-80.9568620231862,27936
292,-0.872744821859213,96,-72.2851582911049,28032
293,-1.28997816725641,96,-58.6062947661266,28128
294,-186.480809798332,96,-77.0682042952427,28224
295,-71.1450514385098,96,-82.8289352283879,28320
296,-5.77067864610289,96,-83.3149740389037,28416
297,-17.3632182524092,96,-84.7211034387703,28512
298,-1.23816320591424,96,-57.3226282184935,28608
299,-1.29628839434016,96,-31.7684724553301,28704
300,-20.5680356500013,96,-32.3307796275391,28800
301,-7.9296195556379,96,-31.3954587930363,28896
302,-1.81866463913707,96,-31.4900507747641,28992
303,-16.5338995009771,96,-33.0144429081362,29088
304,-0.965070731083036,96,-14.4628690014113,29184
305,-1.3840487703864,96,-7.48676873459893,29280
306,-138.882489173528,96,-20.7979497873414,29376
307,-258.312530654364,96,-44.892881027537,29472
308,-1.18371307729501,96,-44.887436014675,29568
309,-19.7845764074494,96,-46.736264815986,29664
310,-1.17369499777107,96,-44.7968307507629,29760
311,-5.34657674569971,96,-44.5385264697691,29856
312,-235.815249333157,96,-67.9381849391711,29952
313,-282.001384302064,96,-94.4849334192798,30048
314,-2.83078466650687,96,-94.6715048128222,30144
315,-12.0480487651147,96,-95.737904812295,30240
316,-1.04302532668384,96,-81.9539584276106,30336
317,-3.33679386097944,96,-56.4563847482721,30432
318,-159.682388759751,96,-72.3062523165177,30528
319,-65.3632419211539,96,-76.8641188678882,30624
320,-8.6775879513362,96,-77.6145081632447,30720
321,-21.1342517150802,96,-79.1932756601827,30816
322,-2.99072141087337,96,-55.9108228679543,30912
323,-1.3490225443701,96,-27.8455866921849,31008
324,-113.357452947105,96,-38.8982535202447,31104
325,-162.383233683187,96,-53.931772012052,31200
326,-0.758184254121363,96,-53.9032879047957,31296
327,-14.5556206331665,96,-55.0251705820144,31392
328,-0.921923606247804,96,-39.1491240666641,31488
329,-1.35387307023197,96,-32.7481871815719,31584
330,-102.283202000621,96,-42.1087485865004,31680
331,-173.78845321226,96,-57.3741687362185,31776
332,-2.69406012247722,96,-57.3445026073789,31872
333,-14.0852209157145,96,-58.6181224445133,31968
334,-0.930270064805731,96,-47.3754041562834,32064
335,-3.29692052150313,96,-31.466772840115,32160
336,-202.201203183368,96,-51.6110747330397,32256
337,-187.222600809002,96,-68.8777727506232,32352
338,-1.42243376129359,96,-68.9278237661277,32448
339,-11.1420215572644,96,-69.906638614831,32544
340,-0.858508075350748,96,-59.7641692223039,32640
341,-3.29220845391121,96,-42.714544746469,32736
342,-65.2303758102127,96,-48.9681763152426,32832
343,-224.906959431819,96,-70.0503501668531,32928
344,-2.24837853967083,96,-70.1821610143396,33024
345,-13.7089530763739,96,-71.2233642698266,33120
346,-1.97220710882947,96,-51.2004646623728,33216
347,-2.31208240899468,96,-32.7094128223721,33312
348,-274.459251622814,96,-60.0130946085241,33408
349,-154.844205366992,96,-74.3833129894969,33504
350,-2.40504496894749,96,-74.5379666788565,33600
351,-11.4591862526834,96,-75.3546644587338,33696
352,-1.0105166359689,96,-68.9326785413094,33792
353,-1.2128068491657,96,-46.563263283044,33888
354,-117.94174000817,96,-58.1325994298939,33984
355,-56.0434723005036,96,-62.3660513523069,34080
356,-4.86083360639283,96,-62.6549140020632,34176
357,-17.7481404094452,96,-64.1985198021083,34272
358,-0.814046849622885,96,-36.8339993247891,34368
359,-1.51228489046818,96,-21.5008072771368,34464
360,-107.017248532662,96,-31.9620276335083,34560
361,-99.7134889385078,96,-40.7874579020907,34656
362,-1.22864481314623,96,-40.8092707198084,34752
363,-11.2138622021055,96,-41.8093762551024,34848
364,-0.762318935937169,96,-30.0914341478792,34944
365,-1.27885508313195,96,-24.614972426142,35040
366,-18.1806382568186,96,-25.9469528911846,35136
367,-222.710937147198,96,-46.4432325649598,35232
368,-4.76859122318846,96,-46.8386870023164,35328
369,-8.94677126040118,96,-47.5821356393097,35424
370,-1.83519822344964,96,-37.0639306083884,35520
371,-1.23903236180087,96,-27.2164849507177,35616
372,-203.4543146232,96,-47.4390519317231,35712
373,-296.319951453221,96,-75.9496608568346,35808
374,-2.7975347645258,96,-76.1531824396935,35904
375,-9.82171873515867,96,-77.0074688048962,36000
376,-1.9530487825448,96,-75.3847098574688,36096
377,-1.30483785765354,96,-53.2440999285144,36192
378,-67.6333571214396,96,-59.5305765183395,36288
379,-169.386733949645,96,-75.5745727872639,36384
380,-1.37282991281237,96,-75.5283359562002,36480
381,-17.4181695879038,96,-77.1462496788105,36576
382,-1.01167745180811,96,-56.9019859616713,36672
383,-1.21852710056119,96,-27.3918435264053,36768
384,-156.713024737279,96,-42.7833925236806,36864
385,-16.67754689011,96,-43.4689753391757,36960
386,-2.65391679538269,96,-43.5390621404595,37056
387,-9.79184950256214,96,-44.3877633049504,37152
388,-0.804921782789547,96,-37.7049197710854,37248
389,-1.2833288073704,96,-20.8945792568579,37344
390,-40.4181966821893,96,-24.7991159337956,37440
391,-14.028874412715,96,-24.4601864162767,37536
392,-1.12617462324879,96,-24.4716361334208,37632
393,-9.04841004621829,96,-25.2546244279865,37728
394,-0.849401212423528,96,-9.66826207550096,37824
395,-1.2427787618989,96,-8.12478526267986,37920
396,-238.026416997216,96,-31.6620352828632,38016
397,-421.03366096453,96,-72.78621642906,38112
398,-1.47768127022587,96,-72.8534923778036,38208
399,-25.9421243492518,96,-75.3193719319918,38304
400,-19.0645734722547,96,-73.1840096109983,38400
401,-1.26933663433333,96,-71.9080558331602,38496
402,-127.462448812528,96,-84.5416832520881,38592
403,-339.220947542114,96,-117.558937001678,38688
404,-1.51263898676258,96,-117.625260779112,38784
405,-15.0322013754059,96,-119.004203040462,38880
406,-1.80000548123741,96,-95.3815618888644,38976
407,-1.22469001276736,96,-53.4006647936881,39072
408,-41.2192154143999,96,-57.3748182081055,39168
409,-133.203389148103,96,-68.1009446879906,39264
410,-4.07369499857552,96,-66.6018568406227,39360
411,-13.1150785436221,96,-67.7864310315516,39456
412,-0.924597208248137,96,-55.1326458711236,39552
413,-1.24147336171428,96,-21.3346984530836,39648
414,-247.081794120136,96,-45.8916139664209,39744
415,-278.44715459029,96,-72.2331092879093,39840
416,-2.72823713550076,96,-72.3259324533356,39936
417,-14.3975779183244,96,-73.6432212438913,40032
418,-11.0476241789987,96,-70.6260621203512,40128
419,-1.25777337002347,96,-57.4315005425433,40224
420,-260.104254049726,96,-83.0345564476583,40320
421,-382.275863988775,96,-119.950634992174,40416
422,-1.72302913521797,96,-120.030478184871,40512
423,-8.40076590570925,96,-120.74640743927,40608
424,-1.1171050494534,96,-96.1499385322018,40704
425,-1.35656912441501,96,-68.4408799856143,40800
426,-217.803155984609,96,-89.9483718705251,40896
427,-309.055796879352,96,-119.414193766628,40992
428,-3.07627516091555,96,-118.61705886482,41088
429,-8.97422184881217,96,-119.388703712698,41184
430,-1.05594855263319,96,-93.4838731629892,41280
431,-1.2421361021629,96,-55.380500374328,41376
432,-218.93603885885,96,-77.1018013466912,41472
433,-284.739924508406,96,-104.735717206961,41568
434,-2.24764817472621,96,-104.848771519488,41664
435,-13.556257841657,96,-106.068740391212,41760
436,-1.89437178064641,96,-84.4778619708162,41856
437,-1.24275235754384,96,-53.6965575186353,41952
438,-84.9246717175444,96,-61.8813971742982,42048
439,-129.198708380283,96,-73.9038458274452,42144
440,-24.5987005279167,96,-76.2581210249736,42240
441,-11.2304216805173,96,-77.256949582809,42336
442,-0.783471843822365,96,-55.4416928813063,42432
443,-1.19650394601293,96,-27.087350825067,42528
444,-62.3900350042106,96,-33.1015895080154,42624
445,-104.03913264517,96,-42.1498769883667,42720
446,-3.65431954606612,96,-42.3258717649087,42816
447,-7.56605953200064,96,-42.9582024823544,42912
448,-7.74402380607225,96,-35.2401376912071,43008
449,-6.28800420622593,96,-22.9490672738015,43104
450,-112.546469710054,96,-31.7438441920152,43200
451,-189.397145015869,96,-49.5605165255504,43296
452,-2.68228566231228,96,-49.7503979073994,43392
453,-17.7457523099976,96,-51.4053227437979,43488
454,-0.786140905438127,96,-45.2449333339206,43584
455,-1.2614650784315,96,-34.9671665772468,43680
456,-289.703557658155,96,-63.5720903884556,43776
457,-241.44428617155,96,-86.9599130524106,43872
458,-1.29986464734298,96,-86.3154971365376,43968
459,-10.9634801255244,96,-86.7830447284675,44064
460,-1.86303564756856,96,-75.714701322219,44160
461,-2.34101432237172,96,-57.0090882528692,44256
462,-82.2972779333581,96,-64.9705874799738,44352
463,-332.706486125993,96,-96.4666608615733,44448
464,-1.27665463585569,96,-96.5157122346151,44544
465,-13.4774788701028,96,-97.7373136137822,44640
466,-9.98629670189577,96,-69.7655875181563,44736
467,-1.28699207566901,96,-45.7498581085682,44832
468,-282.738556583648,96,-73.8937273021987,44928
469,-106.694633215611,96,-83.4668426112074,45024
470,-3.06338025687764,96,-83.5868770721383,45120
471,-10.3868663700283,96,-84.391462276904,45216
472,-13.1040828107285,96,-77.472142764641,45312
473,-2.30378952807732,96,-44.4318731048494,45408
474,-264.724018384937,96,-70.7766094797576,45504
475,-269.497167699982,96,-96.3785783627455,45600
476,-3.63022429958485,96,-95.7429711225144,45696
477,-11.938416942885,96,-96.808113609236,45792
478,-2.97162253023424,96,-68.8314202038946,45888
479,-2.29973699680742,96,-58.3919305820143,45984
480,-141.528228876213,96,-72.2384154439478,46080
481,-335.545710074102,96,-104.754299814355,46176
482,-2.26663287811934,96,-103.670554821094,46272
483,-18.3553477020179,96,-105.275710638488,46368
484,-2.81476615456643,96,-79.0847854154513,46464
485,-1.27592773529772,96,-52.2626614189829,46560
486,-245.916358028604,96,-76.4912747918847,46656
487,-302.544069478649,96,-105.551840045461,46752
488,-2.47051929512023,96,-105.50172972195,46848
489,-16.3779065542393,96,-106.909546677693,46944
490,-2.88499551043267,96,-93.0452233411148,47040
491,-2.31905695078145,96,-59.7225580287828,47136
492,-119.268161731013,96,-71.4227109140721,47232
493,-203.828260673608,96,-89.9700022112311,47328
494,-1.94573100304672,96,-89.8830986960791,47424
495,-9.69581106755344,96,-90.7250870293047,47520
496,-1.9045827042331,96,-66.3239094968676,47616
497,-1.26021063814631,96,-36.1955236128174,47712
498,-77.7166882195044,96,-43.7201405052558,47808
499,-66.2483862744399,96,-48.7071884772759,47904
500,-2.14014989855061,96,-48.6327039160876,48000
501,-12.6826468571438,96,-49.6690629067239,48096
502,-3.04043773545835,96,-38.0462905071684,48192
503,-3.23106333131736,96,-17.9865707729394,48288
504,-262.436741453289,96,-44.0356718179636,48384
505,-304.429313063009,96,-73.5090220175091,48480
506,-9.71646818464906,96,-74.2902105655507,48576
507,-9.67681688213376,96,-75.1318711899495,48672
508,-5.80101878774005,96,-67.9403042467731,48768
509,-1.2016569057985,96,-61.4356313099089,48864
510,-196.135596384372,96,-80.8351759584911,48960
511,-234.442773858267,96,-103.011188658603,49056
512,-1.76291590392369,96,-102.88343647545,49152
513,-10.7797231115765,96,-103.638302453476,49248
514,-3.27308156493523,96,-77.7219364646405,49344
515,-3.31995224270061,96,-47.6110003826097,49440
516,-79.5924638357863,96,-54.5985999477234,49536
517,-365.525787627901,96,-90.1834970223002,49632
518,-2.88707237582808,96,-89.892102381109,49728
519,-15.8724799769903,96,-91.3591846882282,49824
520,-7.9711386925771,96,-72.5427389190486,49920
521,-1.23344180142904,96,-49.2218057133648,50016
522,-267.109911158974,96,-75.7565052388698,50112
523,-423.382412112956,96,-117.016774139008,50208
524,-1.1084572787852,96,-116.800311710393,50304
525,-9.60409226898757,96,-117.428725713021,50400
526,-1.1238212101306,96,-109.581861450456,50496
527,-2.20978369121791,96,-73.2502610567876,50592
528,-236.832254675854,96,-96.6447792867901,50688
529,-273.234139395812,96,-122.380945228672,50784
530,-2.61812401078125,96,-121.845643760493,50880
531,-9.22579708594019,96,-122.644879288944,50976
532,-4.75773390356746,96,-96.4096615634031,51072
533,-4.29480906638807,96,-54.5009012587463,51168
534,-253.188763570262,96,-79.7089318878941,51264
535,-285.165468247619,96,-107.265069485757,51360
536,-3.8417237315959,96,-107.536859737904,51456
537,-27.1916337013373,96,-110.035044738916,51552
538,-6.01295501247081,96,-86.9531147725774,51648
539,-1.30547480662293,96,-59.7602483136586,51744
540,-157.405945252431,96,-75.2390304378235,51840
541,-414.727076898842,96,-115.789158419114,51936
542,-1.27907073555003,96,-115.441292102312,52032
543,-12.7207191275735,96,-116.283883108431,52128
544,-1.98745841720247,96,-91.1637525931245,52224
545,-1.32171595911053,96,-62.7793773642737,52320
546,-17.6085918578795,96,-64.156064176902,52416
547,-280.299244914344,96,-89.4668252982027,52512
548,-5.1492474374329,96,-89.3804545406989,52608
549,-17.0890763359639,96,-90.958814693633,52704
550,-1.604869831391,96,-75.378707151529,52800
551,-3.25865717686506,96,-34.2318651793313,52896
552,-116.061235255703,96,-45.7100816313466,52992
553,-171.120110464843,96,-61.5500207650736,53088
554,-0.993099097053744,96,-61.4505848330587,53184
555,-7.01075210154028,96,-62.0194884473017,53280
556,-1.84501391666444,96,-60.4431306531802,53376
557,-1.29217882076457,96,-32.5424240438223,53472
558,-332.177796866733,96,-65.2452789867523,53568
559,-406.594922926441,96,-104.1958636458,53664
560,-3.31834700007169,96,-104.367211362668,53760
561,-12.4588066576636,96,-105.287226310748,53856
562,-4.03344159498011,96,-94.0844469446756,53952
563,-3.25891653275668,96,-77.298327551467,54048
564,-226.236239886221,96,-99.8226416303837,54144
565,-271.027590752747,96,-126.224325495504,54240
566,-2.4005111955257,96,-126.27987522339,54336
567,-11.9986014614986,96,-127.350517487464,54432
568,-4.91729216079706,96,-94.6244670168703,54528
569,-5.31331817494838,96,-54.496306541721,54624
570,-192.525723084568,96,-73.4170441501706,54720
571,-232.949412153966,96,-95.4661046998008,54816
572,-1.35917050222332,96,-95.1986775905251,54912
573,-17.5816829539715,96,-96.6309542326466,55008
574,-8.01019791917483,96,-74.808350035942,55104
575,-2.28325836769113,96,-47.9339167974364,55200
576,-72.0684243407237,96,-54.9007081119562,55296
577,-230.491678899054,96,-76.7500158557118,55392
578,-3.13434337817485,96,-76.5717209774496,55488
579,-15.9817482756325,96,-77.638563987518,55584
580,-1.85151487658735,96,-58.5711431667199,55680
581,-4.27215435880726,96,-35.703417387204,55776
582,-261.535538315235,96,-61.7210541685052,55872
583,-307.381412593896,96,-90.7010271324976,55968
584,-7.84203007791457,96,-90.6842103483716,56064
585,-9.66983088291759,96,-91.4228675998942,56160
586,-2.92451462961766,96,-84.5084766287836,56256
587,-1.20594405723641,96,-61.5799031446019,56352
588,-154.4223784544,96,-76.7087066522244,56448
589,-217.964111542037,96,-96.9069429788648,56544
590,-1.86617421362821,96,-96.9084089125689,56640
591,-19.7307177888565,96,-98.4542652555738,56736
592,-3.87252443345938,96,-72.6879638673962,56832
593,-1.28189416920938,96,-42.0780120249276,56928
594,-184.893588425216,96,-59.7831678596578,57024
595,-58.5198294393277,96,-64.6681677152988,57120
596,-2.34443698344012,96,-64.6101599506811,57216
597,-16.1830864236662,96,-66.107874187324,57312
598,-5.82617968292216,96,-51.2482543101763,57408
599,-1.23553019115264,96,-29.5753961750879,57504
600,-228.556000295447,96,-52.2443787832697,57600
