rowType,controller,scenario,metric,n,mean,std,min,max,positiveRatio,improvementRatio,lowerIsBetter
controller_summary,rule,dry,waterLevelMAE,30,6.93679321547578,0.0966270222878043,6.6842205364577,7.213778694154,NaN,NaN,1
controller_summary,rule,dry,bandViolationRate,30,0,0,0,0,NaN,NaN,1
controller_summary,rule,dry,safetyViolationCount,30,0,0,0,0,NaN,NaN,1
controller_summary,rule,dry,totalIrrigationMm,30,64.4499121121056,1.48084994301,62.9160126623227,68.6689953284484,NaN,NaN,1
controller_summary,rule,dry,switchCount,30,4.03333333333333,0.182574185835055,4,5,NaN,NaN,1
controller_summary,rule,dry,meanDecisionTimeMs,30,0.00210147569444444,0.00222070683341535,0.000676215277777778,0.0110455729166667,NaN,NaN,1
controller_summary,rule,dry,mpcFallbackCount,30,0,0,0,0,NaN,NaN,1
controller_summary,rule,intermittent_rain,waterLevelMAE,30,11.0843255740946,7.91426275081443,1.96442256995769,27.6482705906983,NaN,NaN,1
controller_summary,rule,intermittent_rain,bandViolationRate,30,0.188541666666667,0.285696151650679,0,0.84375,NaN,NaN,1
controller_summary,rule,intermittent_rain,safetyViolationCount,30,0,0,0,0,NaN,NaN,1
controller_summary,rule,intermittent_rain,totalIrrigationMm,30,2.82615829847806,7.53903298961277,0,28.1726563442764,NaN,NaN,1
controller_summary,rule,intermittent_rain,switchCount,30,0.266666666666667,0.691491807283521,0,2,NaN,NaN,1
controller_summary,rule,intermittent_rain,meanDecisionTimeMs,30,0.000682884837962963,0.000414932676583538,0.0004453125,0.001859375,NaN,NaN,1
controller_summary,rule,intermittent_rain,mpcFallbackCount,30,0,0,0,0,NaN,NaN,1
controller_summary,rule,heavy_rain,waterLevelMAE,30,19.4731053403102,11.3446674122344,3.84643961786726,44.0630982623431,NaN,NaN,1
controller_summary,rule,heavy_rain,bandViolationRate,30,0.380555555555556,0.290338897578328,0,0.885416666666667,NaN,NaN,1
controller_summary,rule,heavy_rain,safetyViolationCount,30,0,0,0,0,NaN,NaN,1
controller_summary,rule,heavy_rain,totalIrrigationMm,30,4.31638577555175,8.73554902795987,0,30.6367881930499,NaN,NaN,1
controller_summary,rule,heavy_rain,switchCount,30,0.466666666666667,0.860366134304153,0,2,NaN,NaN,1
controller_summary,rule,heavy_rain,meanDecisionTimeMs,30,0.00049810474537037,5.54153583193542e-05,0.000440972222222222,0.000717881944444444,NaN,NaN,1
controller_summary,rule,heavy_rain,mpcFallbackCount,30,0,0,0,0,NaN,NaN,1
controller_summary,rule,infiltration_shift,waterLevelMAE,30,4.48057484988206,0.787183316358461,3.11838202493942,6.13092717313148,NaN,NaN,1
controller_summary,rule,infiltration_shift,bandViolationRate,30,0,0,0,0,NaN,NaN,1
controller_summary,rule,infiltration_shift,safetyViolationCount,30,0,0,0,0,NaN,NaN,1
controller_summary,rule,infiltration_shift,totalIrrigationMm,30,27.7333333333333,1.46059348668044,24,32,NaN,NaN,1
controller_summary,rule,infiltration_shift,switchCount,30,2.03333333333333,0.182574185835055,2,3,NaN,NaN,1
controller_summary,rule,infiltration_shift,meanDecisionTimeMs,30,0.000546267361111111,4.53760887052349e-05,0.000516927083333333,0.000759548611111111,NaN,NaN,1
controller_summary,rule,infiltration_shift,mpcFallbackCount,30,0,0,0,0,NaN,NaN,1
controller_summary,rule,sensor_noise,waterLevelMAE,30,4.52654079811282,0.770117767575214,3.46953562123798,6.55890308588515,NaN,NaN,1
controller_summary,rule,sensor_noise,bandViolationRate,30,0,0,0,0,NaN,NaN,1
controller_summary,rule,sensor_noise,safetyViolationCount,30,0,0,0,0,NaN,NaN,1
controller_summary,rule,sensor_noise,totalIrrigationMm,30,34.5333333333333,5.9869590077868,16,48,NaN,NaN,1
controller_summary,rule,sensor_noise,switchCount,30,4.16666666666667,0.833907847936794,2,6,NaN,NaN,1
controller_summary,rule,sensor_noise,meanDecisionTimeMs,30,0.000577748842592592,8.85737751831846e-05,0.000510416666666667,0.000860677083333333,NaN,NaN,1
controller_summary,rule,sensor_noise,mpcFallbackCount,30,0,0,0,0,NaN,NaN,1
controller_summary,rule,actuator_delay,waterLevelMAE,30,8.42967496597588,1.28577560695398,6.19902143813138,11.9998281551464,NaN,NaN,1
controller_summary,rule,actuator_delay,bandViolationRate,30,0.00555555555555555,0.0251809384566602,0,0.135416666666667,NaN,NaN,1
controller_summary,rule,actuator_delay,safetyViolationCount,30,0,0,0,0,NaN,NaN,1
controller_summary,rule,actuator_delay,totalIrrigationMm,30,37.0905695855644,3.08644393985554,30.8923772664086,43.631788549616,NaN,NaN,1
controller_summary,rule,actuator_delay,switchCount,30,2,0,2,2,NaN,NaN,1
controller_summary,rule,actuator_delay,meanDecisionTimeMs,30,0.000611501736111111,0.000150108079554362,0.000507378472222222,0.00114019097222222,NaN,NaN,1
controller_summary,rule,actuator_delay,mpcFallbackCount,30,0,0,0,0,NaN,NaN,1
controller_summary,mpc,dry,waterLevelMAE,30,0.616778146822842,0.0667621996315565,0.464576534717374,0.719123160873603,NaN,NaN,1
controller_summary,mpc,dry,bandViolationRate,30,0,0,0,0,NaN,NaN,1
controller_summary,mpc,dry,safetyViolationCount,30,0,0,0,0,NaN,NaN,1
controller_summary,mpc,dry,totalIrrigationMm,30,77.9612908403681,1.04779034852856,76.3535406412031,80.4637328417883,NaN,NaN,1
controller_summary,mpc,dry,switchCount,30,1,0,1,1,NaN,NaN,1
controller_summary,mpc,dry,meanDecisionTimeMs,30,0.407053139467592,0.0778436296944617,0.347949652777778,0.668069444444444,NaN,NaN,1
controller_summary,mpc,dry,mpcFallbackCount,30,0,0,0,0,NaN,NaN,1
controller_summary,mpc,intermittent_rain,waterLevelMAE,30,11.1358431497254,8.40846426121466,1.79445203393695,27.6482706089899,NaN,NaN,1
controller_summary,mpc,intermittent_rain,bandViolationRate,30,0.213888888888889,0.285321127422265,0,0.84375,NaN,NaN,1
controller_summary,mpc,intermittent_rain,safetyViolationCount,30,0,0,0,0,NaN,NaN,1
controller_summary,mpc,intermittent_rain,totalIrrigationMm,30,5.23700679325973,6.51763500342463,5.19909991497794e-09,25.7679791885709,NaN,NaN,1
controller_summary,mpc,intermittent_rain,switchCount,30,1,0,1,1,NaN,NaN,1
controller_summary,mpc,intermittent_rain,meanDecisionTimeMs,30,0.368104340277778,0.0133004436104854,0.34803125,0.396148871527778,NaN,NaN,1
controller_summary,mpc,intermittent_rain,mpcFallbackCount,30,0,0,0,0,NaN,NaN,1
controller_summary,mpc,heavy_rain,waterLevelMAE,30,19.302797182867,11.9036404798458,5.00431907960399,44.0630982638246,NaN,NaN,1
controller_summary,mpc,heavy_rain,bandViolationRate,30,0.393402777777778,0.290260920311078,0,0.885416666666667,NaN,NaN,1
controller_summary,mpc,heavy_rain,safetyViolationCount,30,0,0,0,0,NaN,NaN,1
controller_summary,mpc,heavy_rain,totalIrrigationMm,30,5.29639412535105,6.28491256219543,4.69384937254586e-09,24.3818356525069,NaN,NaN,1
controller_summary,mpc,heavy_rain,switchCount,30,1.56666666666667,1.04000442085709,1,5,NaN,NaN,1
controller_summary,mpc,heavy_rain,meanDecisionTimeMs,30,0.367208883101852,0.0216219743969649,0.31682421875,0.418772135416667,NaN,NaN,1
controller_summary,mpc,heavy_rain,mpcFallbackCount,30,6.13333333333333,11.5093165659865,0,42,NaN,NaN,1
controller_summary,mpc,infiltration_shift,waterLevelMAE,30,0.556296402222511,0.109431294929438,0.43904297624103,0.933434196227008,NaN,NaN,1
controller_summary,mpc,infiltration_shift,bandViolationRate,30,0,0,0,0,NaN,NaN,1
controller_summary,mpc,infiltration_shift,safetyViolationCount,30,0,0,0,0,NaN,NaN,1
controller_summary,mpc,infiltration_shift,totalIrrigationMm,30,36.923486515182,2.7488249167688,31.1320188771941,43.6004913126502,NaN,NaN,1
controller_summary,mpc,infiltration_shift,switchCount,30,1,0,1,1,NaN,NaN,1
controller_summary,mpc,infiltration_shift,meanDecisionTimeMs,30,0.362833478009259,0.00870999912255998,0.348381944444444,0.383806423611111,NaN,NaN,1
controller_summary,mpc,infiltration_shift,mpcFallbackCount,30,0,0,0,0,NaN,NaN,1
controller_summary,mpc,sensor_noise,waterLevelMAE,30,5.81031842576213,0.931539187348161,3.73645760663172,7.11797821071979,NaN,NaN,1
controller_summary,mpc,sensor_noise,bandViolationRate,30,0,0,0,0,NaN,NaN,1
controller_summary,mpc,sensor_noise,safetyViolationCount,30,0,0,0,0,NaN,NaN,1
controller_summary,mpc,sensor_noise,totalIrrigationMm,30,42.9133786624732,3.5586298402743,31.5442107227754,48.8408227908989,NaN,NaN,1
controller_summary,mpc,sensor_noise,switchCount,30,1,0,1,1,NaN,NaN,1
controller_summary,mpc,sensor_noise,meanDecisionTimeMs,30,0.361717607060185,0.0090953830674486,0.348122829861111,0.380437065972222,NaN,NaN,1
controller_summary,mpc,sensor_noise,mpcFallbackCount,30,0,0,0,0,NaN,NaN,1
controller_summary,mpc,actuator_delay,waterLevelMAE,30,1.51893431227266,0.408068192679316,0.673114389172023,2.37626111685814,NaN,NaN,1
controller_summary,mpc,actuator_delay,bandViolationRate,30,0,0,0,0,NaN,NaN,1
controller_summary,mpc,actuator_delay,safetyViolationCount,30,0,0,0,0,NaN,NaN,1
controller_summary,mpc,actuator_delay,totalIrrigationMm,30,38.0203192560081,3.08349142731493,33.2380330603252,44.855182056568,NaN,NaN,1
controller_summary,mpc,actuator_delay,switchCount,30,1,0,1,1,NaN,NaN,1
controller_summary,mpc,actuator_delay,meanDecisionTimeMs,30,0.406071961805556,0.0796417307496338,0.348973958333333,0.739721354166667,NaN,NaN,1
controller_summary,mpc,actuator_delay,mpcFallbackCount,30,0,0,0,0,NaN,NaN,1
paired_delta,mpc_vs_rule,dry,delta_waterLevelMAE,30,-6.32001506865294,0.127059089821714,-6.73227959489795,-5.98963284771915,0,1,1
paired_delta,mpc_vs_rule,dry,delta_bandViolationRate,30,0,0,0,0,0,0,1
paired_delta,mpc_vs_rule,dry,delta_safetyViolationCount,30,0,0,0,0,0,0,1
paired_delta,mpc_vs_rule,dry,delta_totalIrrigationMm,30,13.5113787282625,1.68440916871232,9.63513704064049,16.854158404088,1,0,1
paired_delta,mpc_vs_rule,dry,delta_switchCount,30,-3.03333333333333,0.182574185835055,-4,-3,0,1,1
paired_delta,mpc_vs_rule,dry,delta_meanDecisionTimeMs,30,0.404951663773148,0.0778760674963458,0.345723958333333,0.667086371527778,1,0,1
paired_delta,mpc_vs_rule,dry,delta_mpcFallbackCount,30,0,0,0,0,0,0,1
paired_delta,mpc_vs_rule,intermittent_rain,delta_waterLevelMAE,30,0.0515175756307984,2.25134580145047,-5.30631232160524,5.02997711645575,0.766666666666667,0.233333333333333,1
paired_delta,mpc_vs_rule,intermittent_rain,delta_bandViolationRate,30,0.0253472222222222,0.0762862315255536,0,0.354166666666667,0.2,0,1
paired_delta,mpc_vs_rule,intermittent_rain,delta_safetyViolationCount,30,0,0,0,0,0,0,1
paired_delta,mpc_vs_rule,intermittent_rain,delta_totalIrrigationMm,30,2.41084849478167,4.16591262119941,-5.77981453385985,13.740075507527,0.866666666666667,0.133333333333333,1
paired_delta,mpc_vs_rule,intermittent_rain,delta_switchCount,30,0.733333333333333,0.691491807283521,-1,1,0.866666666666667,0.133333333333333,1
paired_delta,mpc_vs_rule,intermittent_rain,delta_meanDecisionTimeMs,30,0.367421455439815,0.0132112865619337,0.347493489583333,0.395703559027778,1,0,1
paired_delta,mpc_vs_rule,intermittent_rain,delta_mpcFallbackCount,30,0,0,0,0,0,0,1
paired_delta,mpc_vs_rule,heavy_rain,delta_waterLevelMAE,30,-0.170308157443261,2.6916257671728,-11.0163492406666,3.47502714623499,0.733333333333333,0.266666666666667,1
paired_delta,mpc_vs_rule,heavy_rain,delta_bandViolationRate,30,0.0128472222222222,0.0750001662939834,-0.270833333333333,0.21875,0.233333333333333,0.0666666666666667,1
paired_delta,mpc_vs_rule,heavy_rain,delta_safetyViolationCount,30,0,0,0,0,0,0,1
paired_delta,mpc_vs_rule,heavy_rain,delta_totalIrrigationMm,30,0.9800083497993,4.50999620922212,-16.7544022357085,8.47497480910993,0.833333333333333,0.166666666666667,1
paired_delta,mpc_vs_rule,heavy_rain,delta_switchCount,30,1.1,1.53914441078197,-1,5,0.766666666666667,0.233333333333333,1
paired_delta,mpc_vs_rule,heavy_rain,delta_meanDecisionTimeMs,30,0.366710778356482,0.021626504432417,0.316338541666667,0.418298177083333,1,0,1
paired_delta,mpc_vs_rule,heavy_rain,delta_mpcFallbackCount,30,6.13333333333333,11.5093165659865,0,42,0.266666666666667,0,1
paired_delta,mpc_vs_rule,infiltration_shift,delta_waterLevelMAE,30,-3.92427844765954,0.857170438504178,-5.61061803917266,-2.3609109592646,0,1,1
paired_delta,mpc_vs_rule,infiltration_shift,delta_bandViolationRate,30,0,0,0,0,0,0,1
paired_delta,mpc_vs_rule,infiltration_shift,delta_safetyViolationCount,30,0,0,0,0,0,0,1
paired_delta,mpc_vs_rule,infiltration_shift,delta_totalIrrigationMm,30,9.19015318184865,2.46726614716646,3.13201887719413,12.2987571348894,1,0,1
paired_delta,mpc_vs_rule,infiltration_shift,delta_switchCount,30,-1.03333333333333,0.182574185835055,-2,-1,0,1,1
paired_delta,mpc_vs_rule,infiltration_shift,delta_meanDecisionTimeMs,30,0.362287210648148,0.00870094752190858,0.347844184027778,0.383228298611111,1,0,1
paired_delta,mpc_vs_rule,infiltration_shift,delta_mpcFallbackCount,30,0,0,0,0,0,0,1
paired_delta,mpc_vs_rule,sensor_noise,delta_waterLevelMAE,30,1.28377762764931,1.43071050748798,-2.82244547925343,3.53000332305903,0.8,0.2,1
paired_delta,mpc_vs_rule,sensor_noise,delta_bandViolationRate,30,0,0,0,0,0,0,1
paired_delta,mpc_vs_rule,sensor_noise,delta_safetyViolationCount,30,0,0,0,0,0,0,1
paired_delta,mpc_vs_rule,sensor_noise,delta_totalIrrigationMm,30,8.38004532913989,5.13128520538153,-1.58585928297986,15.5442107227754,0.9,0.1,1
paired_delta,mpc_vs_rule,sensor_noise,delta_switchCount,30,-3.16666666666667,0.833907847936794,-5,-1,0,1,1
paired_delta,mpc_vs_rule,sensor_noise,delta_meanDecisionTimeMs,30,0.361139858217593,0.00906698462515257,0.347592013888889,0.379799913194444,1,0,1
paired_delta,mpc_vs_rule,sensor_noise,delta_mpcFallbackCount,30,0,0,0,0,0,0,1
paired_delta,mpc_vs_rule,actuator_delay,delta_waterLevelMAE,30,-6.91074065370321,1.16629504650315,-9.62356703828822,-4.72772330398828,0,1,1
paired_delta,mpc_vs_rule,actuator_delay,delta_bandViolationRate,30,-0.00555555555555555,0.0251809384566602,-0.135416666666667,0,0,0.0666666666666667,1
paired_delta,mpc_vs_rule,actuator_delay,delta_safetyViolationCount,30,0,0,0,0,0,0,1
paired_delta,mpc_vs_rule,actuator_delay,delta_totalIrrigationMm,30,0.929749670443745,4.15249799396217,-6.78625805168273,9.67889290326539,0.533333333333333,0.466666666666667,1
paired_delta,mpc_vs_rule,actuator_delay,delta_switchCount,30,-1,0,-1,-1,0,1,1
paired_delta,mpc_vs_rule,actuator_delay,delta_meanDecisionTimeMs,30,0.405460460069444,0.079629040801475,0.348466579861111,0.739155381944444,1,0,1
paired_delta,mpc_vs_rule,actuator_delay,delta_mpcFallbackCount,30,0,0,0,0,0,0,1
