controller,scenario,seed,waterLevelMAE,bandViolationRate,safetyViolationCount,totalIrrigationMm,switchCount,meanDecisionTimeMs,mpcFallbackCount
rule,dry,1,6.9023671841792,0,0,64.0656160122842,4,0.0110455729166667,0
mpc,dry,1,0.589207373638597,0,0,78.2265365625288,1,0.414088541666667,0
rule,dry,2,6.8617534888335,0,0,63.8866899556259,4,0.00221137152777778,0
mpc,dry,2,0.591857330507491,0,0,78.7715981432438,1,0.440486979166667,0
rule,dry,3,6.98878513934299,0,0,67.486839508461,4,0.00246397569444444,0
mpc,dry,3,0.616869017232618,0,0,79.1566601133754,1,0.385611111111111,0
rule,dry,4,6.90535182544878,0,0,64.1366796808404,4,0.00156119791666667,0
mpc,dry,4,0.566724485746294,0,0,77.1916629868733,1,0.366594618055556,0
rule,dry,5,6.85367810344393,0,0,63.8551430739848,4,0.00166232638888889,0
mpc,dry,5,0.55861350909475,0,0,78.7695649046624,1,0.506261284722222,0
rule,dry,6,6.86854546450501,0,0,64.4001658221788,4,0.00119618055555556,0
mpc,dry,6,0.678157167164473,0,0,76.401011598348,1,0.380868923611111,0
rule,dry,7,6.91955761825227,0,0,64.3000510893163,4,0.00359678819444444,0
mpc,dry,7,0.603239724992265,0,0,77.0458496373653,1,0.378874131944444,0
rule,dry,8,7.10528508984777,0,0,68.6689953284484,5,0.00106467013888889,0
mpc,dry,8,0.581264992390288,0,0,78.3041323690889,1,0.370673611111111,0
rule,dry,9,7.213778694154,0,0,63.643670534931,4,0.00371527777777778,0
mpc,dry,9,0.481499099256056,0,0,78.6985640796013,1,0.364581163194444,0
rule,dry,10,6.92807062031412,0,0,63.9267836128017,4,0.00103385416666667,0
mpc,dry,10,0.691112040980988,0,0,77.8840305532937,1,0.420480034722222,0
rule,dry,11,6.92720111581961,0,0,63.4356295182238,4,0.00206727430555556,0
mpc,dry,11,0.637754606467399,0,0,77.8767690836322,1,0.478503038194444,0
rule,dry,12,6.9041520246042,0,0,64.1860894353321,4,0.00125043402777778,0
mpc,dry,12,0.584962952987868,0,0,76.5210252586973,1,0.511485243055556,0
rule,dry,13,6.93824145762517,0,0,63.6095744377003,4,0.00111111111111111,0
mpc,dry,13,0.687114432645329,0,0,80.4637328417883,1,0.5998671875,0
rule,dry,14,6.80616733656608,0,0,67.5854085185959,4,0.00735199652777778,0
mpc,dry,14,0.536157942439924,0,0,78.1883525329444,1,0.438358940972222,0
rule,dry,15,7.07205433771458,0,0,63.937627447855,4,0.00194140625,0
mpc,dry,15,0.541795366237037,0,0,79.0608224200635,1,0.35840625,0
rule,dry,16,6.94250674333638,0,0,64.3816596284176,4,0.000983072916666667,0
mpc,dry,16,0.644323965849448,0,0,77.3919122884122,1,0.668069444444444,0
rule,dry,17,6.88970516082771,0,0,64.4001528401304,4,0.00189626736111111,0
mpc,dry,17,0.706418106016218,0,0,79.0379751035955,1,0.347949652777778,0
rule,dry,18,7.03542295514547,0,0,63.8435699586282,4,0.0028359375,0
mpc,dry,18,0.711479354659234,0,0,80.2603383525718,1,0.368605034722222,0
rule,dry,19,6.6842205364577,0,0,63.9313665925902,4,0.00449609375,0
mpc,dry,19,0.694587688738548,0,0,77.9738786510848,1,0.350220052083333,0
rule,dry,20,6.87423606693268,0,0,68.4118490915533,4,0.00140711805555556,0
mpc,dry,20,0.635015263704638,0,0,78.0871872121955,1,0.457990885416667,0
rule,dry,21,6.99011278950821,0,0,64.2899796732256,4,0.00154340277777778,0
mpc,dry,21,0.719123160873603,0,0,77.9850791504888,1,0.374159722222222,0
rule,dry,22,6.93646018850382,0,0,63.5341258112203,4,0.000868055555555556,0
mpc,dry,22,0.628992964229116,0,0,77.6751200192726,1,0.364762152777778,0
rule,dry,23,7.02288847169178,0,0,62.9160126623227,4,0.000716145833333333,0
mpc,dry,23,0.59342872387302,0,0,77.2594738359758,1,0.353194444444444,0
rule,dry,24,6.95710571550115,0,0,63.5981563846148,4,0.000708767361111111,0
mpc,dry,24,0.606205481333684,0,0,77.0560378253028,1,0.361819878472222,0
rule,dry,25,6.82990181207563,0,0,63.9361848542951,4,0.000703993055555555,0
mpc,dry,25,0.464576534717374,0,0,78.3996110843168,1,0.354551649305556,0
rule,dry,26,6.95887030235609,0,0,64.0601246721258,4,0.000818576388888889,0
mpc,dry,26,0.574909760900983,0,0,76.3631344289245,1,0.372707899305556,0
rule,dry,27,6.98730874622038,0,0,63.3610197761035,4,0.000710503472222222,0
mpc,dry,27,0.656849795045085,0,0,76.3535406412031,1,0.355875,0
rule,dry,28,6.94298768760397,0,0,63.9480740714795,4,0.000676215277777778,0
mpc,dry,28,0.710340634794971,0,0,76.8389544343915,1,0.351984375,0
rule,dry,29,6.95768870479618,0,0,63.9831459699587,4,0.000714409722222222,0
mpc,dry,29,0.563777074128199,0,0,77.9840721822069,1,0.354486545138889,0
rule,dry,30,6.89939108266502,0,0,63.7769773999231,4,0.000692274305555555,0
mpc,dry,30,0.646985854039762,0,0,77.6120969155951,1,0.360076388888889,0
rule,intermittent_rain,1,11.1397436506026,0,0,0,0,0.00128298611111111,0
mpc,intermittent_rain,1,11.139743658237,0,0,1.53475027005504e-08,1,0.374862413194444,0
rule,intermittent_rain,2,3.60053440619346,0,0,0,0,0.000627604166666667,0
mpc,intermittent_rain,2,4.08640511249785,0,0,3.90034861064455,1,0.364023871527778,0
rule,intermittent_rain,3,13.254821061577,0.177083333333333,0,0,0,0.000596354166666667,0
mpc,intermittent_rain,3,13.2548210664879,0.177083333333333,0,1.36729363067827e-08,1,0.376211805555556,0
rule,intermittent_rain,4,3.16385704100705,0,0,0,0,0.00158680555555556,0
mpc,intermittent_rain,4,2.76802039122026,0,0,10.5100727098741,1,0.371158854166667,0
rule,intermittent_rain,5,27.145021428802,0.760416666666667,0,0,0,0.00166927083333333,0
mpc,intermittent_rain,5,27.1450214457044,0.760416666666667,0,2.88049794691052e-08,1,0.380194878472222,0
rule,intermittent_rain,6,6.45948989631129,0,0,28.1726563442764,2,0.001859375,0
mpc,intermittent_rain,6,1.79445203393695,0,0,25.7679791885709,1,0.365522569444444,0
rule,intermittent_rain,7,2.91211833197221,0,0,0,0,0.0006484375,0
mpc,intermittent_rain,7,3.30408353624161,0,0,1.95958908399175,1,0.368151041666667,0
rule,intermittent_rain,8,4.60718651662215,0,0,15.4659067490759,2,0.00144618055555556,0
mpc,intermittent_rain,8,3.56085439144098,0,0,13.6311815969153,1,0.382016059027778,0
rule,intermittent_rain,9,8.61150333464224,0.0729166666666666,0,0,0,0.000486111111111111,0
mpc,intermittent_rain,9,11.0276438571712,0.302083333333333,0,6.41479756780238,1,0.377309027777778,0
rule,intermittent_rain,10,5.56572633826199,0,0,0,0,0.000531684027777778,0
mpc,intermittent_rain,10,6.55411902860789,0.0625,0,3.0567853749788,1,0.372080729166667,0
rule,intermittent_rain,11,23.2142997184164,0.6875,0,0,0,0.000631944444444444,0
mpc,intermittent_rain,11,23.2142997303383,0.6875,0,2.86193380657895e-08,1,0.383869357638889,0
rule,intermittent_rain,12,6.72179782598099,0,0,0,0,0.000463107638888889,0
mpc,intermittent_rain,12,6.72179782793172,0,0,5.19909991497794e-09,1,0.361162760416667,0
rule,intermittent_rain,13,11.0230613024337,0.0625,0,0,0,0.000455729166666667,0
mpc,intermittent_rain,13,16.0530384188895,0.416666666666667,0,7.33879947557591,1,0.373368923611111,0
rule,intermittent_rain,14,17.0643622932984,0.385416666666667,0,0,0,0.000555989583333333,0
mpc,intermittent_rain,14,17.0643623100332,0.385416666666667,0,4.20428560063945e-08,1,0.39420703125,0
rule,intermittent_rain,15,27.6482705906983,0.84375,0,0,0,0.000473524305555556,0
mpc,intermittent_rain,15,27.6482706089899,0.84375,0,3.13331348189546e-08,1,0.387212673611111,0
rule,intermittent_rain,16,21.5446858735723,0.677083333333333,0,0,0,0.000517795138888889,0
mpc,intermittent_rain,16,21.5446858848416,0.677083333333333,0,2.04981590192795e-08,1,0.37029296875,0
rule,intermittent_rain,17,22.1296179993011,0.65625,0,0,0,0.000490451388888889,0
mpc,intermittent_rain,17,22.1296180209779,0.65625,0,4.16652138797671e-08,1,0.365417100694444,0
rule,intermittent_rain,18,19.4289218767599,0.489583333333333,0,0,0,0.000466579861111111,0
mpc,intermittent_rain,18,22.006293207627,0.510416666666667,0,3.65810629790234,1,0.369887586805556,0
rule,intermittent_rain,19,6.99233072923433,0,0,0,0,0.000451388888888889,0
mpc,intermittent_rain,19,6.56751468759148,0,0,4.62852516363066,1,0.349772135416667,0
rule,intermittent_rain,20,10.4786657014028,0.09375,0,0,0,0.000451822916666667,0
mpc,intermittent_rain,20,12.7536000287367,0.166666666666667,0,2.73606111992705,1,0.363579427083333,0
rule,intermittent_rain,21,6.3230850631848,0,0,0,0,0.000491753472222222,0
mpc,intermittent_rain,21,6.34883572250317,0,0,1.22105696383985,1,0.352953559027778,0
rule,intermittent_rain,22,25.1069239065947,0.552083333333333,0,0,0,0.0004453125,0
mpc,intermittent_rain,22,25.1069239227251,0.552083333333333,0,2.24142864360892e-08,1,0.396148871527778,0
rule,intermittent_rain,23,10.7356770131853,0.197916666666667,0,0,0,0.000487413194444444,0
mpc,intermittent_rain,23,11.2196956845886,0.197916666666667,0,0.559084447145253,1,0.360785590277778,0
rule,intermittent_rain,24,7.7740872582456,0,0,0,0,0.000464409722222222,0
mpc,intermittent_rain,24,2.78031339244708,0,0,13.740075507527,1,0.373643663194444,0
rule,intermittent_rain,25,5.32679081650486,0,0,22.6336163421501,2,0.000515190972222222,0
mpc,intermittent_rain,25,1.93278551760277,0,0,20.3227248674888,1,0.354434027777778,0
rule,intermittent_rain,26,4.29972627982627,0,0,0,0,0.000470486111111111,0
mpc,intermittent_rain,26,5.63370835536577,0,0,5.92643622547714,1,0.354649739583333,0
rule,intermittent_rain,27,4.08667703782033,0,0,0,0,0.000453993055555556,0
mpc,intermittent_rain,27,6.80074509559558,0,0,8.5138716797981,1,0.354862413194445,0
rule,intermittent_rain,28,1.96442256995769,0,0,0,0,0.000477430555555556,0
mpc,intermittent_rain,28,2.81568500430198,0,0,4.82098173132397,1,0.348133680555556,0
rule,intermittent_rain,29,7.5901514504459,0,0,18.5125695188393,2,0.000537760416666667,0
mpc,intermittent_rain,29,2.28383912884066,0,0,12.7327549849794,1,0.34803125,0
rule,intermittent_rain,30,6.61620990998362,0,0,0,0,0.000449652777777778,0
mpc,intermittent_rain,30,8.81411742028912,0.0208333333333334,0,5.67097095080113,1,0.349186197916667,0
rule,heavy_rain,1,31.5002709493642,0.71875,0,0,0,0.000473958333333333,0
mpc,heavy_rain,1,31.5002709550315,0.71875,0,1.45057710193723e-08,3,0.418772135416667,12
rule,heavy_rain,2,24.317125634864,0.6875,0,0,0,0.000523871527777778,0
mpc,heavy_rain,2,24.3171256421966,0.6875,0,1.8400558360375e-08,1,0.38835546875,0
rule,heavy_rain,3,9.27869751281196,0.0104166666666666,0,0,0,0.0005078125,0
mpc,heavy_rain,3,9.30236896351295,0.0104166666666666,0,0.115104134162831,1,0.358967881944444,0
rule,heavy_rain,4,8.04864868814995,0,0,11.6283087479243,2,0.000512586805555556,0
mpc,heavy_rain,4,6.42932490685071,0,0,10.5438458073428,1,0.359934895833333,0
rule,heavy_rain,5,23.4505345359534,0.447916666666667,0,0,0,0.000462239583333333,0
mpc,heavy_rain,5,26.9255616821884,0.53125,0,8.47497480910993,3,0.357815972222222,14
rule,heavy_rain,6,7.70271408602931,0.0625,0,0,0,0.0004609375,0
mpc,heavy_rain,6,8.53493924608349,0.135416666666667,0,5.92752065655483,1,0.358373697916667,0
rule,heavy_rain,7,15.8895338929974,0.333333333333333,0,0,0,0.00058203125,0
mpc,heavy_rain,7,15.8895339035099,0.333333333333333,0,2.01292840325693e-08,1,0.371591579861111,0
rule,heavy_rain,8,10.7372567362881,0.166666666666667,0,0,0,0.000483506944444444,0
mpc,heavy_rain,8,13.5966977825107,0.3125,0,4.48574400122725,1,0.367984809027778,0
rule,heavy_rain,9,16.8839285357153,0.375,0,0,0,0.000483072916666667,0
mpc,heavy_rain,9,18.1095915929277,0.40625,0,3.79203589055128,1,0.363592881944444,0
rule,heavy_rain,10,14.2463986541727,0.291666666666667,0,0,0,0.000452256944444444,0
mpc,heavy_rain,10,14.2463986604268,0.291666666666667,0,1.60951464606342e-08,1,0.368118923611111,0
rule,heavy_rain,11,42.8541531126749,0.833333333333333,0,0,0,0.000462673611111111,0
mpc,heavy_rain,11,42.8541531153605,0.833333333333333,0,7.62890212992279e-09,5,0.415869357638889,24
rule,heavy_rain,12,24.3939967805846,0.5625,0,0,0,0.000461371527777778,0
mpc,heavy_rain,12,24.3939967853441,0.5625,0,7.23350716832857e-09,1,0.407845920138889,0
rule,heavy_rain,13,25.1500578163,0.739583333333333,0,0,0,0.000440972222222222,0
mpc,heavy_rain,13,27.7271650011476,0.739583333333333,0,3.1800343354687,1,0.383099392361111,0
rule,heavy_rain,14,32.6226894759301,0.677083333333333,0,0,0,0.000493923611111111,0
mpc,heavy_rain,14,32.6226894802048,0.677083333333333,0,9.64017375658268e-09,3,0.365940972222222,12
rule,heavy_rain,15,39.3881065917375,0.8125,0,0,0,0.000485677083333333,0
mpc,heavy_rain,15,39.3881065962954,0.8125,0,1.04897853341597e-08,3,0.31682421875,42
rule,heavy_rain,16,31.2403910776396,0.6875,0,0,0,0.00046484375,0
mpc,heavy_rain,16,31.2403910811523,0.6875,0,7.8388304069577e-09,1,0.378546875,0
rule,heavy_rain,17,44.0630982623431,0.885416666666667,0,0,0,0.000489583333333334,0
mpc,heavy_rain,17,44.0630982638246,0.885416666666667,0,4.69384937254586e-09,3,0.359554253472222,27
rule,heavy_rain,18,27.7504625428071,0.5,0,0,0,0.000463107638888889,0
mpc,heavy_rain,18,28.9027787533532,0.5,0,3.26528089858722,3,0.335182725694444,29
rule,heavy_rain,19,5.52421238424265,0,0,0,0,0.000470920138888889,0
mpc,heavy_rain,19,5.00431907960399,0,0,5.25248231078637,1,0.359414496527778,0
rule,heavy_rain,20,8.45102185232301,0.0729166666666666,0,20.0313782494131,2,0.000717881944444444,0
mpc,heavy_rain,20,5.15859667127909,0.0729166666666666,0,15.2805887838755,1,0.365051649305556,0
rule,heavy_rain,21,10.2809795372436,0.135416666666667,0,27.6846564201223,2,0.000526909722222222,0
mpc,heavy_rain,21,7.00795977097534,0.135416666666667,0,24.3818356525069,1,0.356305555555555,0
rule,heavy_rain,22,24.4156555184823,0.552083333333333,0,0,0,0.000474392361111111,0
mpc,heavy_rain,22,26.2061370938942,0.552083333333333,0,3.35121168523569,1,0.383764756944444,0
rule,heavy_rain,23,23.5270479960367,0.5,0,0,0,0.000462673611111111,0
mpc,heavy_rain,23,26.4826791220084,0.71875,0,4.96249594204526,2,0.330190104166667,24
rule,heavy_rain,24,23.3384929894807,0.552083333333333,0,30.6367881930499,2,0.000530381944444444,0
mpc,heavy_rain,24,12.3221437488141,0.28125,0,13.8823859573413,1,0.369118489583333,0
rule,heavy_rain,25,3.84643961786726,0,0,0,0,0.000490885416666666,0
mpc,heavy_rain,25,5.7561099877161,0,0,7.11389346969533,1,0.357584201388889,0
rule,heavy_rain,26,10.753888315771,0.208333333333333,0,15.7310357828796,2,0.000602430555555556,0
mpc,heavy_rain,26,9.1749279181705,0.28125,0,17.0267533012256,1,0.361448350694444,0
rule,heavy_rain,27,11.9407886044256,0.125,0,12.2043799469472,2,0.000532552083333333,0
mpc,heavy_rain,27,9.65016430753927,0.0833333333333334,0,10.9232393513849,1,0.357317708333333,0
rule,heavy_rain,28,12.74403665479,0.229166666666667,0,0,0,0.000461805555555556,0
mpc,heavy_rain,28,12.7440366617731,0.229166666666667,0,1.31435491820434e-08,1,0.361970052083333,0
rule,heavy_rain,29,11.8074917964207,0.229166666666667,0,0,0,0.000473090277777778,0
mpc,heavy_rain,29,14.031769719589,0.302083333333333,0,4.83920686064755,1,0.365927951388889,0
rule,heavy_rain,30,8.04504005586029,0.0208333333333334,0,11.5750259262163,2,0.000494791666666667,0
mpc,heavy_rain,30,5.50087899272502,0.0208333333333334,0,12.093189782983,1,0.371801215277778,0
rule,infiltration_shift,1,4.9934627377802,0,0,28,2,0.000759548611111111,0
mpc,infiltration_shift,1,0.569706978646734,0,0,39.9957696410803,1,0.365588107638889,0
rule,infiltration_shift,2,6.13092717313148,0,0,28,2,0.000524305555555556,0
mpc,infiltration_shift,2,0.520309133958823,0,0,40.2987571348894,1,0.357228298611111,0
rule,infiltration_shift,3,4.92100148830379,0,0,28,2,0.000521267361111111,0
mpc,infiltration_shift,3,0.463509424331749,0,0,38.9084106685635,1,0.353802083333333,0
rule,infiltration_shift,4,3.90890599843129,0,0,28,2,0.000517795138888889,0
mpc,infiltration_shift,4,0.493087527309262,0,0,34.7899206283279,1,0.373809461805556,0
rule,infiltration_shift,5,5.51948730790024,0,0,28,2,0.000578125,0
mpc,infiltration_shift,5,0.476836085948775,0,0,40.2024674138586,1,0.383806423611111,0
rule,infiltration_shift,6,3.58274020374823,0,0,28,2,0.000546006944444444,0
mpc,infiltration_shift,6,0.734437782250615,0,0,33.5891894076005,1,0.366986545138889,0
rule,infiltration_shift,7,4.16259010675329,0,0,28,2,0.000520833333333333,0
mpc,infiltration_shift,7,0.446088361185406,0,0,34.3483714087485,1,0.369526475694444,0
rule,infiltration_shift,8,4.63165848694601,0,0,28,2,0.000572482638888889,0
mpc,infiltration_shift,8,0.517381954752934,0,0,36.7270962646246,1,0.371916666666667,0
rule,infiltration_shift,9,4.24173183852188,0,0,28,2,0.000541232638888889,0
mpc,infiltration_shift,9,0.675426220738283,0,0,39.8789831126724,1,0.357112413194444,0
rule,infiltration_shift,10,4.09115134371761,0,0,28,2,0.000572048611111111,0
mpc,infiltration_shift,10,0.561688116664292,0,0,36.013032976755,1,0.365976128472222,0
rule,infiltration_shift,11,4.90302491998824,0,0,28,2,0.000516927083333333,0
mpc,infiltration_shift,11,0.553698445723796,0,0,36.2264880066351,1,0.350338107638889,0
rule,infiltration_shift,12,3.86630357454139,0,0,24,2,0.000519965277777778,0
mpc,infiltration_shift,12,0.69560320458453,0,0,34.1123935479664,1,0.355095920138889,0
rule,infiltration_shift,13,4.51646530394669,0,0,28,2,0.000519965277777778,0
mpc,infiltration_shift,13,0.50368265719136,0,0,39.2920588230965,1,0.353624131944444,0
rule,infiltration_shift,14,4.00108717359811,0,0,28,2,0.000522135416666667,0
mpc,infiltration_shift,14,0.536808754070617,0,0,38.636124158427,1,0.357098958333333,0
rule,infiltration_shift,15,5.86858837489158,0,0,32,3,0.000525173611111111,0
mpc,infiltration_shift,15,0.469572219115131,0,0,43.6004913126502,1,0.353930989583333,0
rule,infiltration_shift,16,5.87674305465234,0,0,24,2,0.000565104166666667,0
mpc,infiltration_shift,16,0.442518493599715,0,0,36.0749990490392,1,0.375502604166667,0
rule,infiltration_shift,17,5.53353038603727,0,0,28,2,0.00059375,0
mpc,infiltration_shift,17,0.454070945520647,0,0,37.9407053895646,1,0.361022135416667,0
rule,infiltration_shift,18,4.57560765131375,0,0,28,2,0.000528645833333333,0
mpc,infiltration_shift,18,0.490589854789359,0,0,39.7851333019833,1,0.359108506944444,0
rule,infiltration_shift,19,4.83632644742543,0,0,28,2,0.000556857638888889,0
mpc,infiltration_shift,19,0.43904297624103,0,0,33.8459511408757,1,0.360452690972222,0
rule,infiltration_shift,20,3.87172384378187,0,0,28,2,0.000529513888888889,0
mpc,infiltration_shift,20,0.534101829218201,0,0,37.5308183211125,1,0.359138454861111,0
rule,infiltration_shift,21,5.28650658132474,0,0,28,2,0.000552951388888889,0
mpc,infiltration_shift,21,0.607509158737241,0,0,35.9072107440814,1,0.361594618055556,0
rule,infiltration_shift,22,4.6226395673409,0,0,28,2,0.00053515625,0
mpc,infiltration_shift,22,0.571859521856467,0,0,36.8096928305798,1,0.367654079861111,0
rule,infiltration_shift,23,4.19473503073501,0,0,28,2,0.000519097222222222,0
mpc,infiltration_shift,23,0.466138805280391,0,0,38.6265520234197,1,0.376674479166667,0
rule,infiltration_shift,24,3.29434515549161,0,0,28,2,0.0005234375,0
mpc,infiltration_shift,24,0.933434196227008,0,0,31.1320188771941,1,0.370940972222222,0
rule,infiltration_shift,25,4.49840296930394,0,0,28,2,0.000549913194444444,0
mpc,infiltration_shift,25,0.484049982412704,0,0,36.2220563864783,1,0.363719184027778,0
rule,infiltration_shift,26,3.84187038467627,0,0,28,2,0.000553385416666667,0
mpc,infiltration_shift,26,0.605230322967211,0,0,35.0081641082702,1,0.360801649305556,0
rule,infiltration_shift,27,3.37870347425653,0,0,28,2,0.000532118055555556,0
mpc,infiltration_shift,27,0.719669074300003,0,0,33.0722051825453,1,0.349798611111111,0
rule,infiltration_shift,28,4.0759435240189,0,0,24,2,0.000533854166666667,0
mpc,infiltration_shift,28,0.547417557309053,0,0,34.2029322525797,1,0.364153211805556,0
rule,infiltration_shift,29,3.11838202493942,0,0,28,2,0.000537760416666667,0
mpc,infiltration_shift,29,0.640873036709602,0,0,35.7403707235231,1,0.348381944444444,0
rule,infiltration_shift,30,4.07265936896363,0,0,28,2,0.000518663194444444,0
mpc,infiltration_shift,30,0.534549445034403,0,0,39.1862306183166,1,0.370220486111111,0
rule,sensor_noise,1,4.59668096281259,0,0,36,4,0.000860677083333333,0
mpc,sensor_noise,1,5.58358174008338,0,0,48.0403255185473,1,0.355819444444445,0
rule,sensor_noise,2,4.12134539017011,0,0,36,4,0.00052734375,0
mpc,sensor_noise,2,5.99514090988921,0,0,47.1459806580583,1,0.366056857638889,0
rule,sensor_noise,3,4.56335070549121,0,0,48,6,0.00055078125,0
mpc,sensor_noise,3,7.02699606300719,0,0,46.4141407170201,1,0.360403211805556,0
rule,sensor_noise,4,3.46953562123798,0,0,28,4,0.000540364583333333,0
mpc,sensor_noise,4,5.86393733669228,0,0,41.6643595548032,1,0.377525607638889,0
rule,sensor_noise,5,4.31722963866517,0,0,32,4,0.000556857638888889,0
mpc,sensor_noise,5,3.75441123103318,0,0,43.0047613339875,1,0.353998263888889,0
rule,sensor_noise,6,4.40293551161697,0,0,32,4,0.000576388888888889,0
mpc,sensor_noise,6,6.22917453685686,0,0,42.5222562321141,1,0.365560329861111,0
rule,sensor_noise,7,4.04840299081331,0,0,28,4,0.000530381944444444,0
mpc,sensor_noise,7,6.49877513591517,0,0,40.7998946381109,1,0.356266059027778,0
rule,sensor_noise,8,3.58797488766077,0,0,32,4,0.000561197916666667,0
mpc,sensor_noise,8,7.11797821071979,0,0,43.8867345856532,1,0.361142361111111,0
rule,sensor_noise,9,6.55890308588515,0,0,40,4,0.000538194444444444,0
mpc,sensor_noise,9,3.73645760663172,0,0,41.8172666906605,1,0.35337890625,0
rule,sensor_noise,10,3.71148767740058,0,0,44,6,0.000516493055555556,0
mpc,sensor_noise,10,6.81055981999037,0,0,43.3109561526741,1,0.355075086805556,0
rule,sensor_noise,11,4.41319262816183,0,0,32,4,0.000521267361111111,0
mpc,sensor_noise,11,6.64186286363194,0,0,41.9862448425317,1,0.351850694444444,0
rule,sensor_noise,12,4.83786430969427,0,0,36,4,0.000532118055555556,0
mpc,sensor_noise,12,6.31090806652426,0,0,42.5135566091346,1,0.368548611111111,0
rule,sensor_noise,13,4.94533885935055,0,0,40,4,0.0005703125,0
mpc,sensor_noise,13,5.24497562769213,0,0,48.8408227908989,1,0.362557291666667,0
rule,sensor_noise,14,4.69331927989272,0,0,40,6,0.000548177083333333,0
mpc,sensor_noise,14,6.08055791937085,0,0,43.8665164991023,1,0.376515625,0
rule,sensor_noise,15,6.09970749640788,0,0,40,4,0.0005546875,0
mpc,sensor_noise,15,5.31823786127494,0,0,47.9292439260984,1,0.34991796875,0
rule,sensor_noise,16,4.31274428304572,0,0,36,4,0.000530815972222222,0
mpc,sensor_noise,16,6.32948728737863,0,0,40.321154173654,1,0.348122829861111,0
rule,sensor_noise,17,3.97795628678425,0,0,36,4,0.000534288194444444,0
mpc,sensor_noise,17,3.78803971517845,0,0,42.5124871915732,1,0.3603359375,0
rule,sensor_noise,18,4.453259594304,0,0,36,4,0.000567708333333333,0
mpc,sensor_noise,18,5.62748197599288,0,0,45.6932455615395,1,0.367161892361111,0
rule,sensor_noise,19,3.76561828808105,0,0,28,4,0.000550347222222222,0
mpc,sensor_noise,19,5.51887340323591,0,0,42.4578505206162,1,0.356169270833333,0
rule,sensor_noise,20,3.86220924402855,0,0,32,4,0.000560763888888889,0
mpc,sensor_noise,20,6.7774211543944,0,0,44.0425296636572,1,0.354727864583333,0
rule,sensor_noise,21,4.22665036996198,0,0,32,4,0.000543836805555556,0
mpc,sensor_noise,21,5.71377304060419,0,0,38.3368856427977,1,0.349773003472222,0
rule,sensor_noise,22,5.96631901480557,0,0,40,4,0.000564236111111111,0
mpc,sensor_noise,22,5.12336725153612,0,0,41.719874206989,1,0.380364149305556,0
rule,sensor_noise,23,4.85664321127338,0,0,32,4,0.000755642361111111,0
mpc,sensor_noise,23,5.33844501248556,0,0,45.8551877911247,1,0.374022135416667,0
rule,sensor_noise,24,5.12675199400511,0,0,16,2,0.000541232638888889,0
mpc,sensor_noise,24,6.31538945827649,0,0,31.5442107227754,1,0.356273871527778,0
rule,sensor_noise,25,4.33453955537915,0,0,36,4,0.000554253472222222,0
mpc,sensor_noise,25,4.53110580833974,0,0,39.6904919555307,1,0.36038671875,0
rule,sensor_noise,26,3.9209256661483,0,0,28,4,0.000542534722222222,0
mpc,sensor_noise,26,5.74414941608445,0,0,40.743641343587,1,0.358155815972222,0
rule,sensor_noise,27,3.55292943692153,0,0,40,6,0.000842013888888889,0
mpc,sensor_noise,27,6.84351422157981,0,0,39.151358148111,1,0.380437065972222,0
rule,sensor_noise,28,5.1082619365477,0,0,36,4,0.000686631944444445,0
mpc,sensor_noise,28,5.92899102736935,0,0,39.4331538447547,1,0.366050347222222,0
rule,sensor_noise,29,5.70696617945111,0,0,32,3,0.0005625,0
mpc,sensor_noise,29,5.69355503284212,0,0,47.1544698866491,1,0.359253038194444,0
rule,sensor_noise,30,4.25717983738614,0,0,32,4,0.000510416666666667,0
mpc,sensor_noise,30,6.82240403825246,0,0,45.0017584714422,1,0.365677951388889,0
rule,actuator_delay,1,6.83972260477826,0,0,30.8923772664086,2,0.000536458333333333,0
mpc,actuator_delay,1,1.04565174211009,0,0,40.5712701696739,1,0.35033203125,0
rule,actuator_delay,2,11.9998281551464,0.135416666666667,0,43.631788549616,2,0.00051953125,0
mpc,actuator_delay,2,2.37626111685814,0,0,44.666534784574,1,0.364309461805556,0
rule,actuator_delay,3,7.16722953068107,0,0,35.3789333091539,2,0.000520399305555556,0
mpc,actuator_delay,3,1.34825566258067,0,0,40.4712529466229,1,0.356379774305556,0
rule,actuator_delay,4,8.58240774824439,0,0,36.6733883146253,2,0.000550347222222222,0
mpc,actuator_delay,4,0.673114389172023,0,0,35.9468060116872,1,0.359713541666667,0
rule,actuator_delay,5,8.53425442796429,0,0,39.8327870430471,2,0.000600694444444444,0
mpc,actuator_delay,5,1.78577820921765,0,0,39.1655468194837,1,0.353668836805556,0
rule,actuator_delay,6,9.31621518386411,0,0,38.1291278451168,2,0.000539930555555555,0
mpc,actuator_delay,6,1.10118367281659,0,0,33.2380330603252,1,0.3572578125,0
rule,actuator_delay,7,9.07587779945858,0,0,37.9712237601106,2,0.000532552083333333,0
mpc,actuator_delay,7,1.68193207574257,0,0,37.4138591813321,1,0.351095052083333,0
rule,actuator_delay,8,6.19902143813138,0,0,31.6196476583038,2,0.000507378472222222,0
mpc,actuator_delay,8,1.4712981341431,0,0,37.2350879834592,1,0.348973958333333,0
rule,actuator_delay,9,8.11298871539982,0,0,37.043033979103,2,0.000538194444444444,0
mpc,actuator_delay,9,1.42132924106829,0,0,41.6123876960602,1,0.358494357638889,0
rule,actuator_delay,10,7.55310646583914,0,0,35.0851950489826,2,0.00114019097222222,0
mpc,actuator_delay,10,1.45280390147311,0,0,37.0830643087133,1,0.445515625,0
rule,actuator_delay,11,7.53514156926403,0,0,34.9858783549681,2,0.000565972222222222,0
mpc,actuator_delay,11,1.57857925393532,0,0,36.7897288686776,1,0.739721354166667,0
rule,actuator_delay,12,9.2876304105552,0,0,38.6957552776171,2,0.000623697916666666,0
mpc,actuator_delay,12,1.272568536279,0,0,34.0095081880317,1,0.478605034722222,0
rule,actuator_delay,13,7.26950423208882,0,0,35.5403624187016,2,0.000520833333333333,0
mpc,actuator_delay,13,0.847004527330339,0,0,38.6486514315446,1,0.410598090277778,0
rule,actuator_delay,14,7.05124351342194,0,0,35.9604413444657,2,0.000546875,0
mpc,actuator_delay,14,1.26889086422929,0,0,40.8069163406905,1,0.592408420138889,0
rule,actuator_delay,15,7.33108075502333,0,0,39.1592334698185,2,0.000744791666666667,0
mpc,actuator_delay,15,1.15457929361411,0,0,44.855182056568,1,0.375716145833333,0
rule,actuator_delay,16,10.5720050712772,0,0,41.6633590791724,2,0.000526041666666667,0
mpc,actuator_delay,16,2.17506180916966,0,0,37.2709059571471,1,0.376102864583333,0
rule,actuator_delay,17,8.15113429549399,0,0,37.3766920484287,2,0.000510416666666667,0
mpc,actuator_delay,17,1.48827637383644,0,0,37.8172249882027,1,0.419082899305556,0
rule,actuator_delay,18,9.47413309728634,0,0,41.3918385737551,2,0.000763020833333333,0
mpc,actuator_delay,18,1.97637443926685,0,0,39.8453371949661,1,0.41741796875,0
rule,actuator_delay,19,9.35482646729797,0,0,35.904043368878,2,0.000519965277777778,0
mpc,actuator_delay,19,1.09017565663322,0,0,35.7406441699496,1,0.423312934027778,0
rule,actuator_delay,20,7.15467961972868,0,0,35.2805384018954,2,0.000538628472222222,0
mpc,actuator_delay,20,1.92416809156229,0,0,42.8699732330261,1,0.398019965277778,0
rule,actuator_delay,21,7.20176094007072,0,0,30.9288766002773,2,0.000656684027777778,0
mpc,actuator_delay,21,1.75933223980757,0,0,36.7309781387378,1,0.40801171875,0
rule,actuator_delay,22,10.0023073397951,0,0,41.5843247807978,2,0.000961371527777778,0
mpc,actuator_delay,22,2.18052814241132,0,0,36.3113578417899,1,0.386982638888889,0
rule,actuator_delay,23,7.54040953377367,0,0,34.9355818559866,2,0.000537760416666667,0
mpc,actuator_delay,23,1.35648665039489,0,0,39.9903593973828,1,0.363663194444444,0
rule,actuator_delay,24,10.3497465898168,0.03125,0,40.4156491349779,2,0.000507378472222222,0
mpc,actuator_delay,24,1.31936488471047,0,0,33.6293910832952,1,0.376980034722222,0
rule,actuator_delay,25,9.43253376080508,0,0,38.7486989615969,2,0.000577690972222222,0
mpc,actuator_delay,25,1.45786976645699,0,0,35.5787606584144,1,0.377372395833333,0
rule,actuator_delay,26,8.55978514634451,0,0,36.816578257439,2,0.000697916666666667,0
mpc,actuator_delay,26,1.47580190143562,0,0,35.8080197830793,1,0.412599826388889,0
rule,actuator_delay,27,8.60256433153857,0,0,35.8233003143832,2,0.000653211805555556,0
mpc,actuator_delay,27,1.8595020548646,0,0,37.9636640635331,1,0.398802951388889,0
rule,actuator_delay,28,8.35059171386617,0,0,36.3109517531138,2,0.000515190972222222,0
mpc,actuator_delay,28,1.63238742844405,0,0,34.5094736186548,1,0.406605034722222,0
rule,actuator_delay,29,7.93883713191244,0,0,35.200215208985,2,0.000524305555555556,0
mpc,actuator_delay,29,1.26204375757551,0,0,34.0383251181147,1,0.367303819444444,0
rule,actuator_delay,30,8.3496813904083,0,0,39.737265587205,2,0.000867621527777778,0
mpc,actuator_delay,30,2.13142555104003,0,0,39.9913325865057,1,0.407111111111111,0
