scenario,seed,delta_waterLevelMAE,delta_bandViolationRate,delta_safetyViolationCount,delta_totalIrrigationMm,delta_switchCount,delta_meanDecisionTimeMs,delta_mpcFallbackCount
dry,1,-6.3131598105406,0,0,14.1609205502446,-3,0.40304296875,0
dry,2,-6.269896158326,0,0,14.8849081876179,-3,0.438275607638889,0
dry,3,-6.37191612211037,0,0,11.6698206049143,-3,0.383147135416667,0
dry,4,-6.33862733970249,0,0,13.0549833060329,-3,0.365033420138889,0
dry,5,-6.29506459434918,0,0,14.9144218306777,-3,0.504598958333333,0
dry,6,-6.19038829734054,0,0,12.0008457761693,-3,0.379672743055556,0
dry,7,-6.31631789326001,0,0,12.745798548049,-3,0.37527734375,0
dry,8,-6.52402009745748,0,0,9.63513704064049,-4,0.369608940972222,0
dry,9,-6.73227959489795,0,0,15.0548935446703,-3,0.360865885416667,0
dry,10,-6.23695857933313,0,0,13.957246940492,-3,0.419446180555555,0
dry,11,-6.28944650935221,0,0,14.4411395654084,-3,0.476435763888889,0
dry,12,-6.31918907161634,0,0,12.3349358233652,-3,0.510234809027778,0
dry,13,-6.25112702497984,0,0,16.854158404088,-3,0.598756076388889,0
dry,14,-6.27000939412615,0,0,10.6029440143484,-3,0.431006944444444,0
dry,15,-6.53025897147755,0,0,15.1231949722085,-3,0.35646484375,0
dry,16,-6.29818277748693,0,0,13.0102526599946,-3,0.667086371527778,0
dry,17,-6.18328705481149,0,0,14.6378222634651,-3,0.346053385416667,0
dry,18,-6.32394360048624,0,0,16.4167683939436,-3,0.365769097222222,0
dry,19,-5.98963284771915,0,0,14.0425120584946,-3,0.345723958333333,0
dry,20,-6.23922080322804,0,0,9.67533812064219,-3,0.456583767361111,0
dry,21,-6.27098962863461,0,0,13.6950994772631,-3,0.372616319444444,0
dry,22,-6.3074672242747,0,0,14.1409942080523,-3,0.363894097222222,0
dry,23,-6.42945974781876,0,0,14.3434611736531,-3,0.352478298611111,0
dry,24,-6.35090023416747,0,0,13.4578814406879,-3,0.361111111111111,0
dry,25,-6.36532527735826,0,0,14.4634262300217,-3,0.35384765625,0
dry,26,-6.38396054145511,0,0,12.3030097567987,-3,0.371889322916667,0
dry,27,-6.3304589511753,0,0,12.9925208650996,-3,0.355164496527778,0
dry,28,-6.232647052809,0,0,12.890880362912,-3,0.351308159722222,0
dry,29,-6.39391163066798,0,0,14.0009262122483,-3,0.353772135416667,0
dry,30,-6.25240522862525,0,0,13.835119515672,-3,0.359384114583333,0
intermittent_rain,1,7.63444951701331e-09,0,0,1.53475027005504e-08,1,0.373579427083333,0
intermittent_rain,2,0.485870706304383,0,0,3.90034861064455,1,0.363396267361111,0
intermittent_rain,3,4.91091789456277e-09,0,0,1.36729363067827e-08,1,0.375615451388889,0
intermittent_rain,4,-0.395836649786785,0,0,10.5100727098741,1,0.369572048611111,0
intermittent_rain,5,1.69023728346929e-08,0,0,2.88049794691052e-08,1,0.378525607638889,0
intermittent_rain,6,-4.66503786237434,0,0,-2.40467715570547,-1,0.363663194444444,0
intermittent_rain,7,0.3919652042694,0,0,1.95958908399175,1,0.367502604166667,0
intermittent_rain,8,-1.04633212518117,0,0,-1.83472515216063,-1,0.380569878472222,0
intermittent_rain,9,2.41614052252895,0.229166666666667,0,6.41479756780238,1,0.376822916666667,0
intermittent_rain,10,0.9883926903459,0.0625,0,3.0567853749788,1,0.371549045138889,0
intermittent_rain,11,1.19219620842159e-08,0,0,2.86193380657895e-08,1,0.383237413194444,0
intermittent_rain,12,1.9507293558263e-09,0,0,5.19909991497794e-09,1,0.360699652777778,0
intermittent_rain,13,5.02997711645575,0.354166666666667,0,7.33879947557591,1,0.372913194444444,0
intermittent_rain,14,1.67348837010195e-08,0,0,4.20428560063945e-08,1,0.393651041666667,0
intermittent_rain,15,1.82916011226553e-08,0,0,3.13331348189546e-08,1,0.386739149305556,0
intermittent_rain,16,1.12693001597108e-08,0,0,2.04981590192795e-08,1,0.369775173611111,0
intermittent_rain,17,2.1676708428231e-08,0,0,4.16652138797671e-08,1,0.364926649305556,0
intermittent_rain,18,2.57737133086705,0.0208333333333334,0,3.65810629790234,1,0.369421006944444,0
intermittent_rain,19,-0.424816041642842,0,0,4.62852516363066,1,0.349320746527778,0
intermittent_rain,20,2.2749343273339,0.0729166666666666,0,2.73606111992705,1,0.363127604166667,0
intermittent_rain,21,0.025750659318363,0,0,1.22105696383985,1,0.352461805555555,0
intermittent_rain,22,1.61304001267126e-08,0,0,2.24142864360892e-08,1,0.395703559027778,0
intermittent_rain,23,0.484018671403367,0,0,0.559084447145253,1,0.360298177083333,0
intermittent_rain,24,-4.99377386579853,0,0,13.740075507527,1,0.373179253472222,0
intermittent_rain,25,-3.39400529890209,0,0,-2.31089147466132,-1,0.353918836805556,0
intermittent_rain,26,1.3339820755395,0,0,5.92643622547714,1,0.354179253472222,0
intermittent_rain,27,2.71406805777525,0,0,8.5138716797981,1,0.354408420138889,0
intermittent_rain,28,0.851262434344292,0,0,4.82098173132397,1,0.34765625,0
intermittent_rain,29,-5.30631232160524,0,0,-5.77981453385985,-1,0.347493489583333,0
intermittent_rain,30,2.1979075103055,0.0208333333333334,0,5.67097095080113,1,0.348736545138889,0
heavy_rain,1,5.66727109685417e-09,0,0,1.45057710193723e-08,3,0.418298177083333,12
heavy_rain,2,7.33268024077915e-09,0,0,1.8400558360375e-08,1,0.387831597222222,0
heavy_rain,3,0.0236714507009914,0,0,0.115104134162831,1,0.358460069444444,0
heavy_rain,4,-1.61932378129924,0,0,-1.08446294058151,-1,0.359422309027778,0
heavy_rain,5,3.47502714623499,0.0833333333333334,0,8.47497480910993,3,0.357353732638889,14
heavy_rain,6,0.832225160054178,0.0729166666666666,0,5.92752065655483,1,0.357912760416667,0
heavy_rain,7,1.05124904337117e-08,0,0,2.01292840325693e-08,1,0.371009548611111,0
heavy_rain,8,2.85944104622266,0.145833333333333,0,4.48574400122725,1,0.367501302083333,0
heavy_rain,9,1.22566305721239,0.03125,0,3.79203589055128,1,0.363109809027778,0
heavy_rain,10,6.25404972254273e-09,0,0,1.60951464606342e-08,1,0.367666666666667,0
heavy_rain,11,2.68558153493359e-09,0,0,7.62890212992279e-09,5,0.415406684027778,24
heavy_rain,12,4.75943906508292e-09,0,0,7.23350716832857e-09,1,0.407384548611111,0
heavy_rain,13,2.57710718484763,0,0,3.1800343354687,1,0.382658420138889,0
heavy_rain,14,4.27472457431577e-09,0,0,9.64017375658268e-09,3,0.365447048611111,12
heavy_rain,15,4.5578545382341e-09,0,0,1.04897853341597e-08,3,0.316338541666667,42
heavy_rain,16,3.51272078091824e-09,0,0,7.8388304069577e-09,1,0.37808203125,0
heavy_rain,17,1.48143186606831e-09,0,0,4.69384937254586e-09,3,0.359064670138889,27
heavy_rain,18,1.15231621054608,0,0,3.26528089858722,3,0.334719618055556,29
heavy_rain,19,-0.519893304638662,0,0,5.25248231078637,1,0.358943576388889,0
heavy_rain,20,-3.29242518104392,0,0,-4.75078946553758,-1,0.364333767361111,0
heavy_rain,21,-3.27301976626828,0,0,-3.30282076761539,-1,0.355778645833333,0
heavy_rain,22,1.79048157541192,0,0,3.35121168523569,1,0.383290364583333,0
heavy_rain,23,2.95563112597172,0.21875,0,4.96249594204526,2,0.329727430555556,24
heavy_rain,24,-11.0163492406666,-0.270833333333333,0,-16.7544022357085,-1,0.368588107638889,0
heavy_rain,25,1.90967036984884,0,0,7.11389346969533,1,0.357093315972222,0
heavy_rain,26,-1.57896039760053,0.0729166666666666,0,1.29571751834601,-1,0.360845920138889,0
heavy_rain,27,-2.2906242968863,-0.0416666666666666,0,-1.28114059556229,-1,0.35678515625,0
heavy_rain,28,6.98307367485995e-09,0,0,1.31435491820434e-08,1,0.361508246527778,0
heavy_rain,29,2.22427792316829,0.0729166666666667,0,4.83920686064755,1,0.365454861111111,0
heavy_rain,30,-2.54416106313526,0,0,0.518163856766696,-1,0.371306423611111,0
infiltration_shift,1,-4.42375575913347,0,0,11.9957696410803,-1,0.364828559027778,0
infiltration_shift,2,-5.61061803917266,0,0,12.2987571348894,-1,0.356703993055556,0
infiltration_shift,3,-4.45749206397204,0,0,10.9084106685635,-1,0.353280815972222,0
infiltration_shift,4,-3.41581847112202,0,0,6.78992062832793,-1,0.373291666666667,0
infiltration_shift,5,-5.04265122195146,0,0,12.2024674138586,-1,0.383228298611111,0
infiltration_shift,6,-2.84830242149762,0,0,5.58918940760055,-1,0.366440538194444,0
infiltration_shift,7,-3.71650174556788,0,0,6.34837140874855,-1,0.369005642361111,0
infiltration_shift,8,-4.11427653219308,0,0,8.72709626462463,-1,0.371344184027778,0
infiltration_shift,9,-3.56630561778359,0,0,11.8789831126724,-1,0.356571180555555,0
infiltration_shift,10,-3.52946322705332,0,0,8.01303297675502,-1,0.365404079861111,0
infiltration_shift,11,-4.34932647426445,0,0,8.22648800663507,-1,0.349821180555556,0
infiltration_shift,12,-3.17070036995686,0,0,10.1123935479664,-1,0.354575954861111,0
infiltration_shift,13,-4.01278264675533,0,0,11.2920588230965,-1,0.353104166666667,0
infiltration_shift,14,-3.4642784195275,0,0,10.636124158427,-1,0.356576822916667,0
infiltration_shift,15,-5.39901615577645,0,0,11.6004913126502,-2,0.353405815972222,0
infiltration_shift,16,-5.43422456105262,0,0,12.0749990490392,-1,0.3749375,0
infiltration_shift,17,-5.07945944051662,0,0,9.94070538956456,-1,0.360428385416667,0
infiltration_shift,18,-4.08501779652439,0,0,11.7851333019833,-1,0.358579861111111,0
infiltration_shift,19,-4.3972834711844,0,0,5.8459511408757,-1,0.359895833333333,0
infiltration_shift,20,-3.33762201456367,0,0,9.5308183211125,-1,0.358608940972222,0
infiltration_shift,21,-4.6789974225875,0,0,7.90721074408138,-1,0.361041666666667,0
infiltration_shift,22,-4.05078004548443,0,0,8.80969283057981,-1,0.367118923611111,0
infiltration_shift,23,-3.72859622545461,0,0,10.6265520234197,-1,0.376155381944445,0
infiltration_shift,24,-2.3609109592646,0,0,3.13201887719413,-1,0.370417534722222,0
infiltration_shift,25,-4.01435298689123,0,0,8.22205638647834,-1,0.363169270833333,0
infiltration_shift,26,-3.23664006170905,0,0,7.00816410827023,-1,0.360248263888889,0
infiltration_shift,27,-2.65903439995652,0,0,5.07220518254527,-1,0.349266493055556,0
infiltration_shift,28,-3.52852596670984,0,0,10.2029322525797,-1,0.363619357638889,0
infiltration_shift,29,-2.47750898822982,0,0,7.74037072352313,-1,0.347844184027778,0
infiltration_shift,30,-3.53810992392923,0,0,11.1862306183166,-1,0.369701822916667,0
sensor_noise,1,0.98690077727079,0,0,12.0403255185473,-3,0.354958767361111,0
sensor_noise,2,1.8737955197191,0,0,11.1459806580583,-3,0.365529513888889,0
sensor_noise,3,2.46364535751598,0,0,-1.58585928297986,-5,0.359852430555556,0
sensor_noise,4,2.3944017154543,0,0,13.6643595548032,-3,0.376985243055556,0
sensor_noise,5,-0.562818407631993,0,0,11.0047613339875,-3,0.35344140625,0
sensor_noise,6,1.82623902523988,0,0,10.5222562321141,-3,0.364983940972222,0
sensor_noise,7,2.45037214510186,0,0,12.7998946381109,-3,0.355735677083333,0
sensor_noise,8,3.53000332305903,0,0,11.8867345856532,-3,0.360581163194444,0
sensor_noise,9,-2.82244547925343,0,0,1.81726669066048,-3,0.352840711805556,0
sensor_noise,10,3.09907214258979,0,0,-0.689043847325877,-5,0.35455859375,0
sensor_noise,11,2.22867023547011,0,0,9.9862448425317,-3,0.351329427083333,0
sensor_noise,12,1.47304375682999,0,0,6.51355660913455,-3,0.368016493055556,0
sensor_noise,13,0.299636768341582,0,0,8.84082279089891,-3,0.361986979166667,0
sensor_noise,14,1.38723863947813,0,0,3.86651649910234,-5,0.375967447916667,0
sensor_noise,15,-0.781469635132938,0,0,7.92924392609841,-3,0.34936328125,0
sensor_noise,16,2.01674300433291,0,0,4.32115417365403,-3,0.347592013888889,0
sensor_noise,17,-0.189916571605796,0,0,6.51248719157319,-3,0.359801649305555,0
sensor_noise,18,1.17422238168888,0,0,9.69324556153953,-3,0.366594184027778,0
sensor_noise,19,1.75325511515486,0,0,14.4578505206162,-3,0.355618923611111,0
sensor_noise,20,2.91521191036585,0,0,12.0425296636572,-3,0.354167100694444,0
sensor_noise,21,1.48712267064221,0,0,6.33688564279768,-3,0.349229166666667,0
sensor_noise,22,-0.842951763269452,0,0,1.719874206989,-3,0.379799913194444,0
sensor_noise,23,0.481801801212185,0,0,13.8551877911247,-3,0.373266493055556,0
sensor_noise,24,1.18863746427138,0,0,15.5442107227754,-1,0.355732638888889,0
sensor_noise,25,0.196566252960586,0,0,3.69049195553067,-3,0.359832465277778,0
sensor_noise,26,1.82322374993616,0,0,12.743641343587,-3,0.35761328125,0
sensor_noise,27,3.29058478465827,0,0,-0.848641851888999,-5,0.379595052083333,0
sensor_noise,28,0.820729090821658,0,0,3.43315384475468,-3,0.365363715277778,0
sensor_noise,29,-0.0134111466089921,0,0,15.1544698866491,-2,0.358690538194444,0
sensor_noise,30,2.56522420086632,0,0,13.0017584714422,-3,0.365167534722222,0
actuator_delay,1,-5.79407086266817,0,0,9.67889290326539,-1,0.349795572916667,0
actuator_delay,2,-9.62356703828822,-0.135416666666667,0,1.03474623495797,-1,0.363789930555556,0
actuator_delay,3,-5.8189738681004,0,0,5.09231963746895,-1,0.355859375,0
actuator_delay,4,-7.90929335907237,0,0,-0.726582302938112,-1,0.359163194444444,0
actuator_delay,5,-6.74847621874664,0,0,-0.667240223563404,-1,0.353068142361111,0
actuator_delay,6,-8.21503151104753,0,0,-4.89109478479165,-1,0.356717881944444,0
actuator_delay,7,-7.39394572371601,0,0,-0.557364578778547,-1,0.3505625,0
actuator_delay,8,-4.72772330398828,0,0,5.61544032515536,-1,0.348466579861111,0
actuator_delay,9,-6.69165947433153,0,0,4.56935371695717,-1,0.357956163194445,0
actuator_delay,10,-6.10030256436602,0,0,1.99786925973069,-1,0.444375434027778,0
actuator_delay,11,-5.95656231532871,0,0,1.8038505137095,-1,0.739155381944444,0
actuator_delay,12,-8.01506187427619,0,0,-4.68624708958534,-1,0.477981336805556,0
actuator_delay,13,-6.42249970475848,0,0,3.108289012843,-1,0.410077256944444,0
actuator_delay,14,-5.78235264919265,0,0,4.84647499622484,-1,0.591861545138889,0
actuator_delay,15,-6.17650146140922,0,0,5.69594858674944,-1,0.374971354166667,0
actuator_delay,16,-8.39694326210756,0,0,-4.39245312202532,-1,0.375576822916667,0
actuator_delay,17,-6.66285792165755,0,0,0.440532939773966,-1,0.418572482638889,0
actuator_delay,18,-7.49775865801949,0,0,-1.54650137878907,-1,0.416654947916667,0
actuator_delay,19,-8.26465081066476,0,0,-0.163399198928353,-1,0.42279296875,0
actuator_delay,20,-5.23051152816638,0,0,7.58943483113075,-1,0.397481336805556,0
actuator_delay,21,-5.44242870026316,0,0,5.80210153846049,-1,0.407355034722222,0
actuator_delay,22,-7.82177919738376,0,0,-5.27296693900781,-1,0.386021267361111,0
actuator_delay,23,-6.18392288337879,0,0,5.05477754139624,-1,0.363125434027778,0
actuator_delay,24,-9.03038170510631,-0.03125,0,-6.78625805168273,-1,0.37647265625,0
actuator_delay,25,-7.97466399434809,0,0,-3.16993830318253,-1,0.376794704861111,0
actuator_delay,26,-7.08398324490889,0,0,-1.00855847435975,-1,0.411901909722222,0
actuator_delay,27,-6.74306227667397,0,0,2.14036374914987,-1,0.398149739583333,0
actuator_delay,28,-6.71820428542213,0,0,-1.80147813445907,-1,0.40608984375,0
actuator_delay,29,-6.67679337433692,0,0,-1.16189009087035,-1,0.366779513888889,0
actuator_delay,30,-6.21825583936827,0,0,0.254066999300747,-1,0.406243489583333,0
